config.name,config.description,config.content.factory,config.content.factory_path,config.content.factory_args,config.content.ansatz_name,config.content.loss,config.content.loss_path,config.content.variable_args.scale,config.content.variable_args.n,config.content.variable_args.theta,config.content.variable_args.weights,config.content.static_args.a,config.content.static_args.has_vanishing_endpoints,args.a,args.has_vanishing_endpoints,args.scale,args.n,args.theta,args.weights,results.nit,results.nfev,results.njev,results.nhev,results.cg_niter,results.cg_stop_cond,results.fun,results.grad,results.lagrangian_grad,results.constr,results.jac,results.constr_nfev,results.constr_njev,results.constr_nhev,results.v,results.method,results.x,results.optimality,results.constr_violation,results.execution_time,results.tr_radius,results.constr_penalty,results.status,results.niter,results.success,results.message
gaussian_small,Configuration to test the Gaussian Pulses with constraints but fast.,GaussianFactory,pulse_opt.pulses.gaussian_factory,"['scale', 'n', 'has_vanishing_endpoints']",Gaussian superposition,GaussianLoss,pulse_opt.integrals.losses,[0.3],"[5, 7]","[0.78539816339, 1.57079632679, 2.35619449019, 3.14159265359]","['equal', 'covariance', 'variance', 'deterministic', 'variance_plus_deterministic']",1.0,True,1.0,True,0.3,5,0.78539816339,equal,78,480,80,0,86,4,1.3782889823828905,[0.17333562 0.24290711 0.25150193 0.19766491 0.10548381],"[-2.01082368e-05  2.75309290e-05  9.75753226e-06 -4.28521645e-05
  2.67164569e-05]","[array([-2.38391706e-09]), array([-2.91748056e-10]), array([-1.22505526e-08])]","[array([[0.49957093, 0.79146195, 0.90441928, 0.79146196, 0.49957094]]), array([[1.32980761, 0.93970626, 0.33159046, 0.05842767, 0.00514093]]), array([[0.0051409 , 0.05842771, 0.33159046, 0.93970625, 1.3298076 ]])]","[480, 480, 480]","[0, 0, 0]","[0, 0, 0]","[array([-0.27769898]), array([-0.02613501]), array([0.02512213])]",equality_constrained_sqp,[  2.15661293   4.89845918 -30.01819294  44.62869996 -24.27525183],4.2852164461072706e-05,1.2250552572368179e-08,290.8341119289398,197.63392944061601,1.0,1,78,True,`gtol` termination condition is satisfied.
gaussian_small,Configuration to test the Gaussian Pulses with constraints but fast.,GaussianFactory,pulse_opt.pulses.gaussian_factory,"['scale', 'n', 'has_vanishing_endpoints']",Gaussian superposition,GaussianLoss,pulse_opt.integrals.losses,[0.3],"[5, 7]","[0.78539816339, 1.57079632679, 2.35619449019, 3.14159265359]","['equal', 'covariance', 'variance', 'deterministic', 'variance_plus_deterministic']",1.0,True,1.0,True,0.3,5,0.78539816339,covariance,48,300,50,0,55,1,-0.5019157226068608,[0.17994478 0.25473768 0.26594781 0.21069024 0.11375484],"[-3.62410386e-06  6.08137276e-06 -2.29587754e-06 -2.47639708e-06
  2.06923839e-06]","[array([-3.51100198e-08]), array([2.32946445e-08]), array([-1.3918816e-07])]","[array([[0.49957085, 0.79146198, 0.9044193 , 0.79146196, 0.49957094]]), array([[1.32980752, 0.93970625, 0.33159047, 0.05842767, 0.00514093]]), array([[0.00514126, 0.05842766, 0.33159047, 0.93970625, 1.32980761]])]","[300, 300, 300]","[0, 0, 0]","[0, 0, 0]","[array([-0.29409505]), array([-0.0249328]), array([0.02503877])]",equality_constrained_sqp,[  0.64108692   8.05671558 -33.20620654  46.47624961 -24.91878667],6.081372762833633e-06,1.3918815966462716e-07,90.338449716568,288.1213221550215,1.0,1,48,True,`gtol` termination condition is satisfied.
gaussian_small,Configuration to test the Gaussian Pulses with constraints but fast.,GaussianFactory,pulse_opt.pulses.gaussian_factory,"['scale', 'n', 'has_vanishing_endpoints']",Gaussian superposition,GaussianLoss,pulse_opt.integrals.losses,[0.3],"[5, 7]","[0.78539816339, 1.57079632679, 2.35619449019, 3.14159265359]","['equal', 'covariance', 'variance', 'deterministic', 'variance_plus_deterministic']",1.0,True,1.0,True,0.3,5,0.78539816339,variance,5,30,5,0,6,1,1.003356244419433,[0.00717701 0.01125436 0.01232576 0.00976649 0.00530129],"[-4.87679246e-05  6.79477099e-05  1.93991617e-05 -9.84081968e-05
  6.19058784e-05]","[array([3.49123845e-08]), array([-1.0651545e-08]), array([1.90404768e-08])]","[array([[0.49957094, 0.79146195, 0.90441927, 0.79146195, 0.49957094]]), array([[1.32980761, 0.93970625, 0.33159046, 0.05842767, 0.00514093]]), array([[0.00514093, 0.05842767, 0.33159047, 0.93970626, 1.32980761]])]","[30, 30, 30]","[0, 0, 0]","[0, 0, 0]","[array([-0.01403467]), array([-0.00016643]), array([0.00133311])]",equality_constrained_sqp,[ 2.46065712 -3.9654791   0.42961472  5.68361406 -3.95872317],9.84081968250269e-05,3.491238453889878e-08,5.1518988609313965,28.81000307381766,1.0,1,5,True,`gtol` termination condition is satisfied.
gaussian_small,Configuration to test the Gaussian Pulses with constraints but fast.,GaussianFactory,pulse_opt.pulses.gaussian_factory,"['scale', 'n', 'has_vanishing_endpoints']",Gaussian superposition,GaussianLoss,pulse_opt.integrals.losses,[0.3],"[5, 7]","[0.78539816339, 1.57079632679, 2.35619449019, 3.14159265359]","['equal', 'covariance', 'variance', 'deterministic', 'variance_plus_deterministic']",1.0,True,1.0,True,0.3,5,0.78539816339,deterministic,17,102,17,0,23,4,0.5425666277522796,[0.10191347 0.1511945  0.16335139 0.13285179 0.07428949],"[ 9.92637794e-06 -1.64200376e-05  5.43085278e-06  7.89254049e-06
 -6.24837597e-06]","[array([-1.82798132e-09]), array([8.2351673e-09]), array([-1.09104548e-09])]","[array([[0.49957094, 0.79146204, 0.90441929, 0.79146195, 0.49957094]]), array([[1.32980761, 0.93970626, 0.33159046, 0.05842767, 0.00514093]]), array([[0.00514097, 0.05842751, 0.33159046, 0.93970626, 1.3298076 ]])]","[102, 102, 102]","[0, 0, 0]","[0, 0, 0]","[array([-0.18221899]), array([-0.00822457]), array([0.01261676])]",equality_constrained_sqp,[  8.5057654   -1.82361456 -40.2368214   67.39602269 -37.54490166],1.6420037595545446e-05,8.235167298087376e-09,37.55159330368042,270.02365647253635,1.0,1,17,True,`gtol` termination condition is satisfied.
gaussian_small,Configuration to test the Gaussian Pulses with constraints but fast.,GaussianFactory,pulse_opt.pulses.gaussian_factory,"['scale', 'n', 'has_vanishing_endpoints']",Gaussian superposition,GaussianLoss,pulse_opt.integrals.losses,[0.3],"[5, 7]","[0.78539816339, 1.57079632679, 2.35619449019, 3.14159265359]","['equal', 'covariance', 'variance', 'deterministic', 'variance_plus_deterministic']",1.0,True,1.0,True,0.3,5,0.78539816339,variance_plus_deterministic,21,138,23,0,33,4,1.8804867781743864,[0.09059656 0.13501652 0.1468347  0.1209824  0.06928613],"[ 3.17103703e-05 -4.65660814e-05 -3.97806853e-06  5.28124287e-05
 -3.44044905e-05]","[array([-2.08157758e-08]), array([9.01035013e-09]), array([1.12755885e-08])]","[array([[0.49957094, 0.79146196, 0.9044193 , 0.79146196, 0.49957094]]), array([[1.32980761, 0.93970626, 0.33159046, 0.05842767, 0.00514093]]), array([[0.00514091, 0.05842766, 0.33159046, 0.93970626, 1.3298076 ]])]","[138, 138, 138]","[0, 0, 0]","[0, 0, 0]","[array([-0.1632396]), array([-0.0068149]), array([0.00922258])]",equality_constrained_sqp,[ -6.51676258  30.34484314 -74.96150496  89.75212238 -46.03943195],5.281242869671805e-05,2.081577576973359e-08,100.01103067398071,540.4319718865829,1.0,1,21,True,`gtol` termination condition is satisfied.
gaussian_small,Configuration to test the Gaussian Pulses with constraints but fast.,GaussianFactory,pulse_opt.pulses.gaussian_factory,"['scale', 'n', 'has_vanishing_endpoints']",Gaussian superposition,GaussianLoss,pulse_opt.integrals.losses,[0.3],"[5, 7]","[0.78539816339, 1.57079632679, 2.35619449019, 3.14159265359]","['equal', 'covariance', 'variance', 'deterministic', 'variance_plus_deterministic']",1.0,True,1.0,True,0.3,5,1.57079632679,equal,159,954,159,0,164,4,1.594405551353974,[0.22433545 0.29132764 0.28337795 0.21147758 0.10435972],"[-1.70731865e-05  3.35265573e-05 -2.84797475e-05  1.11922292e-05
 -2.21453343e-06]","[array([-6.07451867e-10]), array([4.0529724e-10]), array([-7.38964445e-10])]","[array([[0.49957098, 0.79146196, 0.9044193 , 0.79146195, 0.49957094]]), array([[1.32980764, 0.93970625, 0.33159046, 0.05842767, 0.00514093]]), array([[0.00514086, 0.05842769, 0.33159047, 0.93970625, 1.3298076 ]])]","[954, 954, 954]","[0, 0, 0]","[0, 0, 0]","[array([-0.30744279]), array([-0.05335689]), array([0.03722483])]",equality_constrained_sqp,[ -1.56550839   9.35951767 -25.91209055  33.72025613 -17.77230028],3.3526557323157544e-05,7.389644451905042e-10,687.7196435928345,127.4478542502243,1.0,1,159,True,`gtol` termination condition is satisfied.
gaussian_small,Configuration to test the Gaussian Pulses with constraints but fast.,GaussianFactory,pulse_opt.pulses.gaussian_factory,"['scale', 'n', 'has_vanishing_endpoints']",Gaussian superposition,GaussianLoss,pulse_opt.integrals.losses,[0.3],"[5, 7]","[0.78539816339, 1.57079632679, 2.35619449019, 3.14159265359]","['equal', 'covariance', 'variance', 'deterministic', 'variance_plus_deterministic']",1.0,True,1.0,True,0.3,5,1.57079632679,covariance,144,864,144,0,149,4,-0.26689418282575034,[0.23440107 0.30890189 0.30419836 0.22936619 0.11483974],"[-1.69868072e-05  4.05969882e-05 -5.45573519e-05  4.50687453e-05
 -1.99617926e-05]","[array([-2.22223662e-09]), array([5.31117206e-10]), array([-1.40061829e-09])]","[array([[0.49957095, 0.79146195, 0.90441929, 0.79146195, 0.49957094]]), array([[1.32980761, 0.93970625, 0.33159046, 0.05842767, 0.00514093]]), array([[0.00514096, 0.05842767, 0.33159046, 0.93970625, 1.3298076 ]])]","[864, 864, 864]","[0, 0, 0]","[0, 0, 0]","[array([-0.33142596]), array([-0.05192056]), array([0.03833486])]",equality_constrained_sqp,[ -2.69784447  11.84907966 -28.76431584  35.70924672 -18.57161458],5.4557351859279776e-05,2.2222366169444285e-09,279.3027045726776,156.70813274680043,1.0,1,144,True,`gtol` termination condition is satisfied.
gaussian_small,Configuration to test the Gaussian Pulses with constraints but fast.,GaussianFactory,pulse_opt.pulses.gaussian_factory,"['scale', 'n', 'has_vanishing_endpoints']",Gaussian superposition,GaussianLoss,pulse_opt.integrals.losses,[0.3],"[5, 7]","[0.78539816339, 1.57079632679, 2.35619449019, 3.14159265359]","['equal', 'covariance', 'variance', 'deterministic', 'variance_plus_deterministic']",1.0,True,1.0,True,0.3,5,1.57079632679,variance,15,90,15,0,23,4,1.0251462570031482,[0.04121084 0.06379133 0.07111617 0.05982479 0.03516119],"[ 3.32731317e-06  3.22647627e-06 -2.97991535e-05  4.35640333e-05
 -2.35085886e-05]","[array([2.03179695e-11]), array([1.32510239e-09]), array([-1.14762599e-09])]","[array([[0.49957095, 0.79146196, 0.9044193 , 0.79146196, 0.49957094]]), array([[1.32980761, 0.93970625, 0.33159047, 0.05842767, 0.00514093]]), array([[0.00514091, 0.05842767, 0.33159047, 0.93970625, 1.32980761]])]","[90, 90, 90]","[0, 0, 0]","[0, 0, 0]","[array([-0.07949945]), array([-0.00113508]), array([0.00341158])]",equality_constrained_sqp,[-18.83663429  45.72324265 -63.58979576  56.51791122 -26.01814676],4.356403327069767e-05,1.3251023889271352e-09,30.233185529708862,253.41941121005632,1.0,1,15,True,`gtol` termination condition is satisfied.
gaussian_small,Configuration to test the Gaussian Pulses with constraints but fast.,GaussianFactory,pulse_opt.pulses.gaussian_factory,"['scale', 'n', 'has_vanishing_endpoints']",Gaussian superposition,GaussianLoss,pulse_opt.integrals.losses,[0.3],"[5, 7]","[0.78539816339, 1.57079632679, 2.35619449019, 3.14159265359]","['equal', 'covariance', 'variance', 'deterministic', 'variance_plus_deterministic']",1.0,True,1.0,True,0.3,5,1.57079632679,deterministic,130,786,131,0,137,4,0.694510773488181,[0.11615258 0.1626884  0.16728583 0.12803557 0.06403094],"[ 1.25691222e-05 -2.48454937e-05  2.15588695e-05 -9.00614781e-06
  2.03146695e-06]","[array([2.96996205e-09]), array([-1.96033048e-09]), array([-3.41864137e-09])]","[array([[0.49957085, 0.79146195, 0.90441929, 0.79146195, 0.49957094]]), array([[1.32980764, 0.93970625, 0.33159046, 0.05842767, 0.00514093]]), array([[0.00514126, 0.05842764, 0.33159047, 0.93970624, 1.3298076 ]])]","[786, 786, 786]","[0, 0, 0]","[0, 0, 0]","[array([-0.18668728]), array([-0.01728811]), array([0.02205094])]",equality_constrained_sqp,[ -0.44444674  10.64006721 -36.65290391  49.30488822 -26.16750554],2.484549369920902e-05,3.4186413699899276e-09,174.97011542320251,235.47839303543907,1.0,1,130,True,`gtol` termination condition is satisfied.
gaussian_small,Configuration to test the Gaussian Pulses with constraints but fast.,GaussianFactory,pulse_opt.pulses.gaussian_factory,"['scale', 'n', 'has_vanishing_endpoints']",Gaussian superposition,GaussianLoss,pulse_opt.integrals.losses,[0.3],"[5, 7]","[0.78539816339, 1.57079632679, 2.35619449019, 3.14159265359]","['equal', 'covariance', 'variance', 'deterministic', 'variance_plus_deterministic']",1.0,True,1.0,True,0.3,5,1.57079632679,variance_plus_deterministic,84,510,85,0,94,4,2.0311374779827354,[0.13480814 0.19151006 0.20027353 0.15857151 0.08523928],"[ 4.21445637e-07  6.31732173e-06 -2.51741036e-05  3.32109530e-05
 -1.74704370e-05]","[array([8.76681838e-10]), array([-4.4701548e-11]), array([-1.2591741e-09])]","[array([[0.4995709 , 0.79146196, 0.9044193 , 0.79146196, 0.49957094]]), array([[1.32980759, 0.93970625, 0.33159046, 0.05842767, 0.00514093]]), array([[0.00514095, 0.05842766, 0.33159047, 0.93970624, 1.3298076 ]])]","[510, 510, 510]","[0, 0, 0]","[0, 0, 0]","[array([-0.22192545]), array([-0.0180775]), array([0.01932888])]",equality_constrained_sqp,[ -9.02363035  29.2542541  -57.36445406  63.21189346 -31.61507991],3.321095302306204e-05,1.2591740983225463e-09,228.45279097557068,402.3335437827144,1.0,1,84,True,`gtol` termination condition is satisfied.
gaussian_small,Configuration to test the Gaussian Pulses with constraints but fast.,GaussianFactory,pulse_opt.pulses.gaussian_factory,"['scale', 'n', 'has_vanishing_endpoints']",Gaussian superposition,GaussianLoss,pulse_opt.integrals.losses,[0.3],"[5, 7]","[0.78539816339, 1.57079632679, 2.35619449019, 3.14159265359]","['equal', 'covariance', 'variance', 'deterministic', 'variance_plus_deterministic']",1.0,True,1.0,True,0.3,5,2.35619449019,equal,192,1152,192,0,195,1,1.6992523897312295,[0.19603467 0.21959797 0.18474701 0.12004036 0.04609107],"[ 5.74287827e-05 -9.60403470e-05  3.51963734e-05  4.07751496e-05
 -3.35922822e-05]","[array([-2.49580516e-08]), array([-8.8819184e-10]), array([-1.26595872e-08])]","[array([[0.49957093, 0.79146196, 0.90441929, 0.79146195, 0.49957094]]), array([[1.32980759, 0.93970625, 0.33159046, 0.05842767, 0.00514093]]), array([[0.00514097, 0.05842766, 0.33159046, 0.93970626, 1.32980761]])]","[1152, 1152, 1152]","[0, 0, 0]","[0, 0, 0]","[array([-0.18983231]), array([-0.07620077]), array([0.03692398])]",equality_constrained_sqp,[ -1.68952969   8.19192667 -21.00820043  27.18777868 -14.32715236],9.60403470191577e-05,2.495805162539e-08,1005.4137225151062,97.99999999999996,1.0,1,192,True,`gtol` termination condition is satisfied.
gaussian_small,Configuration to test the Gaussian Pulses with constraints but fast.,GaussianFactory,pulse_opt.pulses.gaussian_factory,"['scale', 'n', 'has_vanishing_endpoints']",Gaussian superposition,GaussianLoss,pulse_opt.integrals.losses,[0.3],"[5, 7]","[0.78539816339, 1.57079632679, 2.35619449019, 3.14159265359]","['equal', 'covariance', 'variance', 'deterministic', 'variance_plus_deterministic']",1.0,True,1.0,True,0.3,5,2.35619449019,covariance,206,1236,206,0,209,4,-0.1633166102101014,[0.17158785 0.18434899 0.1467758  0.08787737 0.02652932],"[ 2.67052143e-05 -5.56384698e-05  5.61275913e-05 -3.24928436e-05
  1.13068170e-05]","[array([4.39728254e-11]), array([-8.7131094e-11]), array([-1.56674673e-12])]","[array([[0.49957092, 0.79146196, 0.90441929, 0.79146196, 0.49957094]]), array([[1.32980761, 0.93970625, 0.33159046, 0.05842767, 0.00514093]]), array([[0.00514091, 0.05842766, 0.33159046, 0.93970625, 1.32980761]])]","[1236, 1236, 1236]","[0, 0, 0]","[0, 0, 0]","[array([-0.14860162]), array([-0.07332642]), array([0.03616764])]",equality_constrained_sqp,[ -2.34698691   9.63403002 -22.65199443  28.32675404 -14.78294359],5.612759126428189e-05,8.713109400648733e-11,590.1055870056152,97.99999999999997,1.0,1,206,True,`gtol` termination condition is satisfied.
gaussian_small,Configuration to test the Gaussian Pulses with constraints but fast.,GaussianFactory,pulse_opt.pulses.gaussian_factory,"['scale', 'n', 'has_vanishing_endpoints']",Gaussian superposition,GaussianLoss,pulse_opt.integrals.losses,[0.3],"[5, 7]","[0.78539816339, 1.57079632679, 2.35619449019, 3.14159265359]","['equal', 'covariance', 'variance', 'deterministic', 'variance_plus_deterministic']",1.0,True,1.0,True,0.3,5,2.35619449019,variance,14,84,14,0,20,4,1.0841366307852809,[0.10527081 0.16135384 0.1782221  0.14839734 0.08586142],"[-4.32921137e-05  9.21468407e-05 -9.80540502e-05  6.18172333e-05
 -2.31143325e-05]","[array([4.88276086e-10]), array([5.64562841e-11]), array([-1.23187505e-09])]","[array([[0.49957094, 0.79146195, 0.9044193 , 0.79146195, 0.49957094]]), array([[1.3298076 , 0.93970625, 0.33159046, 0.05842767, 0.00514093]]), array([[0.00514094, 0.05842767, 0.33159046, 0.93970625, 1.32980761]])]","[84, 84, 84]","[0, 0, 0]","[0, 0, 0]","[array([-0.19935977]), array([-0.00434111]), array([0.01032641])]",equality_constrained_sqp,[-17.50896806  42.59968553 -59.50475929  53.22716063 -24.57924952],9.805405019248578e-05,1.2318750464146433e-09,36.47344756126404,138.39219713958,1.0,1,14,True,`gtol` termination condition is satisfied.
gaussian_small,Configuration to test the Gaussian Pulses with constraints but fast.,GaussianFactory,pulse_opt.pulses.gaussian_factory,"['scale', 'n', 'has_vanishing_endpoints']",Gaussian superposition,GaussianLoss,pulse_opt.integrals.losses,[0.3],"[5, 7]","[0.78539816339, 1.57079632679, 2.35619449019, 3.14159265359]","['equal', 'covariance', 'variance', 'deterministic', 'variance_plus_deterministic']",1.0,True,1.0,True,0.3,5,2.35619449019,deterministic,504,3024,504,0,511,4,0.6981140921688922,[-0.08873008 -0.17001316 -0.21468524 -0.19850223 -0.13161134],"[ 1.21864287e-05 -2.09029125e-05  9.36317056e-06  6.20090449e-06
 -5.84528833e-06]","[array([-1.61974612e-09]), array([7.30179361e-10]), array([-3.17303162e-09])]","[array([[0.49957085, 0.79146197, 0.90441929, 0.79146196, 0.49957094]]), array([[1.32980758, 0.93970625, 0.33159046, 0.05842767, 0.00514093]]), array([[0.00514102, 0.05842768, 0.33159046, 0.93970625, 1.32980759]])]","[3024, 3024, 3024]","[0, 0, 0]","[0, 0, 0]","[array([0.24375514]), array([-0.02486766]), array([0.00749007])]",equality_constrained_sqp,[ -0.34047976   7.6309344  -26.32055432  36.09020754 -19.27395825],2.090291253146727e-05,3.1730316152334126e-09,986.3296546936035,154.2654068962911,1.0,1,504,True,`gtol` termination condition is satisfied.
gaussian_small,Configuration to test the Gaussian Pulses with constraints but fast.,GaussianFactory,pulse_opt.pulses.gaussian_factory,"['scale', 'n', 'has_vanishing_endpoints']",Gaussian superposition,GaussianLoss,pulse_opt.integrals.losses,[0.3],"[5, 7]","[0.78539816339, 1.57079632679, 2.35619449019, 3.14159265359]","['equal', 'covariance', 'variance', 'deterministic', 'variance_plus_deterministic']",1.0,True,1.0,True,0.3,5,2.35619449019,variance_plus_deterministic,279,1680,280,0,287,1,2.0751028873781387,[-0.00044049 -0.03190563 -0.05929514 -0.06639275 -0.05232678],"[ 8.82274196e-06 -1.44475266e-05  4.29501838e-06  7.70350718e-06
 -5.91397050e-06]","[array([1.42948071e-08]), array([3.9891313e-09]), array([-1.2717706e-08])]","[array([[0.49957092, 0.79146197, 0.90441929, 0.79146195, 0.49957094]]), array([[1.3298076 , 0.93970625, 0.33159046, 0.05842767, 0.00514093]]), array([[0.00514094, 0.05842766, 0.33159046, 0.93970625, 1.3298076 ]])]","[1680, 1680, 1680]","[0, 0, 0]","[0, 0, 0]","[array([0.07038844]), array([-0.02615532]), array([0.01300286])]",equality_constrained_sqp,[ -6.67696023  21.5367751  -42.18874665  47.1005382  -23.68410431],1.4447526639388463e-05,1.4294807115788899e-08,1373.9938852787018,161.1466013691584,1.0,1,279,True,`gtol` termination condition is satisfied.
gaussian_small,Configuration to test the Gaussian Pulses with constraints but fast.,GaussianFactory,pulse_opt.pulses.gaussian_factory,"['scale', 'n', 'has_vanishing_endpoints']",Gaussian superposition,GaussianLoss,pulse_opt.integrals.losses,[0.3],"[5, 7]","[0.78539816339, 1.57079632679, 2.35619449019, 3.14159265359]","['equal', 'covariance', 'variance', 'deterministic', 'variance_plus_deterministic']",1.0,True,1.0,True,0.3,5,3.14159265359,equal,302,1812,302,0,304,4,1.7258740772251873,[ 0.10199329  0.04740791 -0.0245519  -0.06156928 -0.06170097],"[ 1.17897510e-05 -4.12727870e-05  8.52973275e-05 -9.26607267e-05
  4.59772871e-05]","[array([1.46815893e-12]), array([3.2509237e-10]), array([8.72120154e-10])]","[array([[0.49957093, 0.79146196, 0.90441929, 0.79146196, 0.49957094]]), array([[1.32980758, 0.93970626, 0.33159046, 0.05842767, 0.00514093]]), array([[0.00514097, 0.05842767, 0.33159046, 0.93970625, 1.32980761]])]","[1812, 1812, 1812]","[0, 0, 0]","[0, 0, 0]","[array([0.05277202]), array([-0.09661817]), array([0.02698156])]",equality_constrained_sqp,[ -1.41419605   6.78412197 -17.40837476  22.94315172 -12.1645283 ],9.266072667076311e-05,8.72120153871947e-10,1780.9622428417206,97.99999999999999,1.0,1,302,True,`gtol` termination condition is satisfied.
gaussian_small,Configuration to test the Gaussian Pulses with constraints but fast.,GaussianFactory,pulse_opt.pulses.gaussian_factory,"['scale', 'n', 'has_vanishing_endpoints']",Gaussian superposition,GaussianLoss,pulse_opt.integrals.losses,[0.3],"[5, 7]","[0.78539816339, 1.57079632679, 2.35619449019, 3.14159265359]","['equal', 'covariance', 'variance', 'deterministic', 'variance_plus_deterministic']",1.0,True,1.0,True,0.3,5,3.14159265359,covariance,279,1674,279,0,282,4,-0.15332675276973107,[ 0.0730821   0.00518657 -0.06954854 -0.09723177 -0.08096412],"[ 2.16822522e-05 -3.78547269e-05  1.90638981e-05  7.92067444e-06
 -8.77135795e-06]","[array([1.05613296e-11]), array([7.75749326e-11]), array([6.87521151e-11])]","[array([[0.49957089, 0.79146196, 0.9044193 , 0.79146196, 0.49957094]]), array([[1.32980759, 0.93970626, 0.33159046, 0.05842767, 0.00514093]]), array([[0.00514097, 0.05842767, 0.33159046, 0.93970625, 1.3298076 ]])]","[1674, 1674, 1674]","[0, 0, 0]","[0, 0, 0]","[array([0.10302102]), array([-0.09372979]), array([0.02253777])]",equality_constrained_sqp,[ -2.00785653   8.10586196 -18.9635471   24.06333706 -12.62409784],3.785472688674538e-05,7.757493258875314e-11,833.8771104812622,139.31654281381782,1.0,1,279,True,`gtol` termination condition is satisfied.
gaussian_small,Configuration to test the Gaussian Pulses with constraints but fast.,GaussianFactory,pulse_opt.pulses.gaussian_factory,"['scale', 'n', 'has_vanishing_endpoints']",Gaussian superposition,GaussianLoss,pulse_opt.integrals.losses,[0.3],"[5, 7]","[0.78539816339, 1.57079632679, 2.35619449019, 3.14159265359]","['equal', 'covariance', 'variance', 'deterministic', 'variance_plus_deterministic']",1.0,True,1.0,True,0.3,5,3.14159265359,variance,16,96,16,0,23,1,1.146846929319005,[0.10184348 0.15508985 0.16946434 0.13663729 0.07410406],"[ 1.78331604e-06 -3.75637312e-06  3.89641575e-06 -2.36176323e-06
  8.55505458e-07]","[array([1.25065824e-09]), array([1.42492792e-08]), array([-2.05298463e-08])]","[array([[0.49957094, 0.79146195, 0.90441929, 0.79146195, 0.49957094]]), array([[1.32980759, 0.93970625, 0.33159046, 0.05842767, 0.00514093]]), array([[0.00514091, 0.05842767, 0.33159046, 0.93970626, 1.32980759]])]","[96, 96, 96]","[0, 0, 0]","[0, 0, 0]","[array([-0.19163271]), array([-0.00465578]), array([0.01628421])]",equality_constrained_sqp,[-14.26138738  35.04934241 -49.8388685   45.60016119 -21.28067069],3.896415745260895e-06,2.052984626743637e-08,47.00620627403259,223.85127794775929,1.0,1,16,True,`gtol` termination condition is satisfied.
gaussian_small,Configuration to test the Gaussian Pulses with constraints but fast.,GaussianFactory,pulse_opt.pulses.gaussian_factory,"['scale', 'n', 'has_vanishing_endpoints']",Gaussian superposition,GaussianLoss,pulse_opt.integrals.losses,[0.3],"[5, 7]","[0.78539816339, 1.57079632679, 2.35619449019, 3.14159265359]","['equal', 'covariance', 'variance', 'deterministic', 'variance_plus_deterministic']",1.0,True,1.0,True,0.3,5,3.14159265359,deterministic,142,864,144,0,150,4,0.4483724172204545,[-0.3762338  -0.58509818 -0.64771645 -0.52564114 -0.28671563],"[-4.54434325e-05  8.69549637e-05 -6.75387254e-05  1.90940696e-05
 -2.96714808e-07]","[array([1.02619246e-10]), array([-1.67315061e-10]), array([7.10942416e-11])]","[array([[0.49957093, 0.79146195, 0.90441929, 0.79146196, 0.49957094]]), array([[1.32980762, 0.93970626, 0.33159046, 0.05842767, 0.00514093]]), array([[0.00514093, 0.05842767, 0.33159046, 0.93970625, 1.3298076 ]])]","[864, 864, 864]","[0, 0, 0]","[0, 0, 0]","[array([0.73599386]), array([0.0066328]), array([-0.060911])]",equality_constrained_sqp,[-13.59473486  27.28648824 -25.35292979  14.91529358  -5.36438595],8.695496370426416e-05,1.6731506111145045e-10,253.2459592819214,6.994782270666926,1.0,1,142,True,`gtol` termination condition is satisfied.
gaussian_small,Configuration to test the Gaussian Pulses with constraints but fast.,GaussianFactory,pulse_opt.pulses.gaussian_factory,"['scale', 'n', 'has_vanishing_endpoints']",Gaussian superposition,GaussianLoss,pulse_opt.integrals.losses,[0.3],"[5, 7]","[0.78539816339, 1.57079632679, 2.35619449019, 3.14159265359]","['equal', 'covariance', 'variance', 'deterministic', 'variance_plus_deterministic']",1.0,True,1.0,True,0.3,5,3.14159265359,variance_plus_deterministic,41,258,43,0,52,4,1.8623870851443924,[-0.07705532 -0.12540963 -0.14476418 -0.12541277 -0.07705949],"[-4.29797272e-06  9.89640780e-06 -1.24445014e-05  9.64389784e-06
 -4.12998210e-06]","[array([-9.23137122e-11]), array([1.97819094e-10]), array([-1.83213444e-10])]","[array([[0.49957094, 0.79146195, 0.9044193 , 0.79146196, 0.49957094]]), array([[1.3298076 , 0.93970625, 0.33159046, 0.05842767, 0.00514093]]), array([[0.00514093, 0.05842767, 0.33159046, 0.93970625, 1.3298076 ]])]","[258, 258, 258]","[0, 0, 0]","[0, 0, 0]","[array([0.16224684]), array([-0.00299847]), array([-0.00299519])]",equality_constrained_sqp,[ 35.48514025 -83.15029044 107.43462071 -83.15040159  35.48521418],1.244450135603971e-05,1.9781909443850054e-10,201.82293796539307,40.28204940216894,1.0,1,41,True,`gtol` termination condition is satisfied.
gaussian_small,Configuration to test the Gaussian Pulses with constraints but fast.,GaussianFactory,pulse_opt.pulses.gaussian_factory,"['scale', 'n', 'has_vanishing_endpoints']",Gaussian superposition,GaussianLoss,pulse_opt.integrals.losses,[0.3],"[5, 7]","[0.78539816339, 1.57079632679, 2.35619449019, 3.14159265359]","['equal', 'covariance', 'variance', 'deterministic', 'variance_plus_deterministic']",1.0,True,1.0,True,0.3,7,0.78539816339,equal,96,784,98,0,128,1,0.9972073843024297,"[0.08413166 0.11590621 0.13630892 0.14099372 0.12944404 0.10346322
 0.06937788]","[-5.26682275e-05  4.00483349e-05  5.72004365e-05 -3.69695161e-05
 -4.57028606e-05  2.64312696e-05  5.73511423e-06]","[array([3.26432786e-06]), array([-3.85195539e-06]), array([4.41650002e-06])]","[array([[0.49957096, 0.70800604, 0.8536056 , 0.90441909, 0.85360559,
        0.70800604, 0.49957094]]), array([[1.3298076 , 1.13964099, 0.71730821, 0.33159047, 0.11257884,
        0.02807178, 0.00514093]]), array([[0.00514092, 0.02807179, 0.11257883, 0.33159059, 0.7173082 ,
        1.13964099, 1.32980761]])]","[784, 784, 784]","[0, 0, 0]","[0, 0, 0]","[array([-0.15678479]), array([-0.00443215]), array([0.00674968])]",equality_constrained_sqp,"[ 412.062111   -987.60372891  923.14907556  -23.54047927 -923.07679187
 1048.14920021 -453.37314895]",5.720043647544843e-05,4.416500019033265e-06,819.1975197792053,6121.600728441297,1.0,1,96,True,`gtol` termination condition is satisfied.
gaussian_small,Configuration to test the Gaussian Pulses with constraints but fast.,GaussianFactory,pulse_opt.pulses.gaussian_factory,"['scale', 'n', 'has_vanishing_endpoints']",Gaussian superposition,GaussianLoss,pulse_opt.integrals.losses,[0.3],"[5, 7]","[0.78539816339, 1.57079632679, 2.35619449019, 3.14159265359]","['equal', 'covariance', 'variance', 'deterministic', 'variance_plus_deterministic']",1.0,True,1.0,True,0.3,7,0.78539816339,covariance,66,544,68,0,94,4,-0.8440333183051567,"[0.08557772 0.11932828 0.14180233 0.14775293 0.13623145 0.10919824
 0.07345175]","[ 4.75092504e-06 -1.72500579e-05  2.30304258e-05 -5.13435676e-06
 -1.73925859e-05  1.83857490e-05 -6.69850936e-06]","[array([3.08835524e-07]), array([-4.62395824e-08]), array([-1.36892481e-07])]","[array([[0.49957094, 0.70800604, 0.85360559, 0.90441924, 0.8536056 ,
        0.70800604, 0.49957094]]), array([[1.3298076 , 1.13964099, 0.7173082 , 0.33159044, 0.11257884,
        0.02807178, 0.00514093]]), array([[0.00514095, 0.02807178, 0.11257884, 0.33159027, 0.71730821,
        1.13964098, 1.32980761]])]","[544, 544, 544]","[0, 0, 0]","[0, 0, 0]","[array([-0.16496383]), array([-0.00240373]), array([0.00674161])]",equality_constrained_sqp,"[ 413.66418019 -992.3135356   928.06639657  -22.86566254 -928.70364087
 1052.64669036 -454.68365147]",2.3030425788831874e-05,3.0883552426530514e-07,226.08563947677612,4563.333044725242,1.0,1,66,True,`gtol` termination condition is satisfied.
gaussian_small,Configuration to test the Gaussian Pulses with constraints but fast.,GaussianFactory,pulse_opt.pulses.gaussian_factory,"['scale', 'n', 'has_vanishing_endpoints']",Gaussian superposition,GaussianLoss,pulse_opt.integrals.losses,[0.3],"[5, 7]","[0.78539816339, 1.57079632679, 2.35619449019, 3.14159265359]","['equal', 'covariance', 'variance', 'deterministic', 'variance_plus_deterministic']",1.0,True,1.0,True,0.3,7,0.78539816339,variance,5,40,5,0,6,4,1.003351458434987,"[0.00715152 0.01009012 0.01199269 0.01229407 0.01093824 0.00833115
 0.00529393]","[-5.63037177e-05  2.47303193e-05  7.04590565e-05  1.71630176e-05
 -7.33875495e-05 -6.04207193e-05  8.08172210e-05]","[array([2.92617415e-08]), array([9.41235515e-09]), array([-1.79099091e-08])]","[array([[0.49957096, 0.70800602, 0.85360559, 0.9044193 , 0.85360559,
        0.70800604, 0.49957094]]), array([[1.32980759, 1.13964098, 0.71730821, 0.33159046, 0.11257884,
        0.02807178, 0.00514093]]), array([[0.00514092, 0.0280718 , 0.11257886, 0.33159041, 0.7173082 ,
        1.13964098, 1.3298076 ]])]","[40, 40, 40]","[0, 0, 0]","[0, 0, 0]","[array([-0.01400652]), array([-0.00016353]), array([0.00134228])]",equality_constrained_sqp,"[ 2.55945842 -1.59674595 -3.05690327  0.29319173  4.1244422   2.43756596
 -4.10424618]",8.081722098977093e-05,2.9261741474329028e-08,8.355960845947266,25.75404474130727,1.0,1,5,True,`gtol` termination condition is satisfied.
gaussian_small,Configuration to test the Gaussian Pulses with constraints but fast.,GaussianFactory,pulse_opt.pulses.gaussian_factory,"['scale', 'n', 'has_vanishing_endpoints']",Gaussian superposition,GaussianLoss,pulse_opt.integrals.losses,[0.3],"[5, 7]","[0.78539816339, 1.57079632679, 2.35619449019, 3.14159265359]","['equal', 'covariance', 'variance', 'deterministic', 'variance_plus_deterministic']",1.0,True,1.0,True,0.3,7,0.78539816339,deterministic,16,128,16,0,27,4,0.5398403161577016,"[0.10200706 0.13811923 0.15979054 0.16299175 0.14702664 0.11434802
 0.07399853]","[-5.49452509e-05  8.47135339e-05 -3.54643551e-05 -3.95944076e-07
  3.82513793e-05 -8.93391729e-05  5.74555233e-05]","[array([1.39152334e-09]), array([-2.40571896e-10]), array([-2.25170993e-09])]","[array([[0.49957093, 0.70800604, 0.8536056 , 0.90441929, 0.85360559,
        0.70800603, 0.49957094]]), array([[1.3298076 , 1.13964099, 0.71730821, 0.33159047, 0.11257884,
        0.02807178, 0.00514093]]), array([[0.00514102, 0.0280718 , 0.11257876, 0.33159044, 0.71730824,
        1.13964099, 1.3298076 ]])]","[128, 128, 128]","[0, 0, 0]","[0, 0, 0]","[array([-0.1817541]), array([-0.00851874]), array([0.01270995])]",equality_constrained_sqp,"[  8.0411803    2.72508459 -10.87386244 -27.82998496  16.9272681
  56.22252214 -49.54180681]",8.93391728754734e-05,2.2517099296237575e-09,62.184717416763306,351.6009991499511,1.0,1,16,True,`gtol` termination condition is satisfied.
gaussian_small,Configuration to test the Gaussian Pulses with constraints but fast.,GaussianFactory,pulse_opt.pulses.gaussian_factory,"['scale', 'n', 'has_vanishing_endpoints']",Gaussian superposition,GaussianLoss,pulse_opt.integrals.losses,[0.3],"[5, 7]","[0.78539816339, 1.57079632679, 2.35619449019, 3.14159265359]","['equal', 'covariance', 'variance', 'deterministic', 'variance_plus_deterministic']",1.0,True,1.0,True,0.3,7,0.78539816339,variance_plus_deterministic,20,168,21,0,51,4,1.8827507861855988,"[0.0933554  0.1279507  0.14980962 0.15423185 0.14016796 0.10998127
 0.07201667]","[ 3.24550226e-05 -2.03418869e-05 -5.42890044e-05  4.73694508e-05
  4.73252752e-05 -8.04044537e-05  3.64670213e-05]","[array([4.974126e-09]), array([-2.62016522e-09]), array([-9.02633701e-09])]","[array([[0.49957094, 0.70800603, 0.8536056 , 0.9044193 , 0.8536056 ,
        0.70800604, 0.49957094]]), array([[1.3298076 , 1.13964099, 0.7173082 , 0.33159046, 0.11257884,
        0.02807178, 0.00514093]]), array([[0.00514095, 0.02807179, 0.11257883, 0.33159046, 0.7173082 ,
        1.13964099, 1.32980759]])]","[168, 168, 168]","[0, 0, 0]","[0, 0, 0]","[array([-0.1723827]), array([-0.00545968]), array([0.01065211])]",equality_constrained_sqp,"[-11.39596631  39.95402616 -37.71380532 -19.04769605  14.92747822
  55.51454176 -48.48478343]",8.040445368497247e-05,9.026337011164287e-09,163.14814615249634,489.55011608393954,1.0,1,20,True,`gtol` termination condition is satisfied.
gaussian_small,Configuration to test the Gaussian Pulses with constraints but fast.,GaussianFactory,pulse_opt.pulses.gaussian_factory,"['scale', 'n', 'has_vanishing_endpoints']",Gaussian superposition,GaussianLoss,pulse_opt.integrals.losses,[0.3],"[5, 7]","[0.78539816339, 1.57079632679, 2.35619449019, 3.14159265359]","['equal', 'covariance', 'variance', 'deterministic', 'variance_plus_deterministic']",1.0,True,1.0,True,0.3,7,1.57079632679,equal,195,1560,195,0,222,4,1.1348176339497682,"[0.11996094 0.16242175 0.18815554 0.19187213 0.17296622 0.13448474
 0.08671573]","[-1.74521135e-05  1.96607228e-05  9.42378977e-06 -1.99155056e-05
  6.36508035e-06 -3.07386283e-06  3.02153326e-06]","[array([-3.44846711e-08]), array([-4.19520552e-09]), array([-1.2898056e-08])]","[array([[0.49957094, 0.70800604, 0.85360559, 0.90441923, 0.85360559,
        0.70800604, 0.49957094]]), array([[1.3298076 , 1.13964098, 0.7173082 , 0.33159047, 0.11257884,
        0.02807178, 0.00514093]]), array([[0.00514094, 0.02807178, 0.11257883, 0.33159052, 0.7173082 ,
        1.13964098, 1.32980761]])]","[1560, 1560, 1560]","[0, 0, 0]","[0, 0, 0]","[array([-0.21417705]), array([-0.00982125]), array([0.01529124])]",equality_constrained_sqp,"[ 217.78397611 -528.6605133   506.93317847  -31.33004036 -490.39962363
  575.08399285 -253.1057778 ]",1.9915505597705753e-05,3.4484671118661936e-08,1957.0801141262054,2358.417697326012,1.0,1,195,True,`gtol` termination condition is satisfied.
gaussian_small,Configuration to test the Gaussian Pulses with constraints but fast.,GaussianFactory,pulse_opt.pulses.gaussian_factory,"['scale', 'n', 'has_vanishing_endpoints']",Gaussian superposition,GaussianLoss,pulse_opt.integrals.losses,[0.3],"[5, 7]","[0.78539816339, 1.57079632679, 2.35619449019, 3.14159265359]","['equal', 'covariance', 'variance', 'deterministic', 'variance_plus_deterministic']",1.0,True,1.0,True,0.3,7,1.57079632679,covariance,176,1408,176,0,201,4,-0.6904714415984825,"[0.14512794 0.19556906 0.22549733 0.22903965 0.20545715 0.15855105
 0.10125128]","[-3.94966413e-05  5.20521041e-05 -9.72863943e-06 -1.42452258e-06
  2.14907377e-05 -7.21705354e-05  5.04903628e-05]","[array([4.64954866e-08]), array([-5.89741682e-08]), array([1.8978858e-07])]","[array([[0.49957094, 0.70800604, 0.85360559, 0.90441934, 0.85360559,
        0.70800604, 0.49957094]]), array([[1.32980761, 1.13964098, 0.71730821, 0.33159046, 0.11257884,
        0.02807178, 0.00514093]]), array([[0.00514092, 0.02807178, 0.11257884, 0.33159047, 0.71730821,
        1.13964097, 1.32980759]])]","[1408, 1408, 1408]","[0, 0, 0]","[0, 0, 0]","[array([-0.25576779]), array([-0.01315699]), array([0.02003373])]",equality_constrained_sqp,"[ 191.84031148 -466.46901129  448.70760771  -28.54398171 -437.16897802
  516.15472022 -228.29457932]",7.217053544554194e-05,1.8978857951879036e-07,759.3390834331512,4664.252964869659,1.0,1,176,True,`gtol` termination condition is satisfied.
gaussian_small,Configuration to test the Gaussian Pulses with constraints but fast.,GaussianFactory,pulse_opt.pulses.gaussian_factory,"['scale', 'n', 'has_vanishing_endpoints']",Gaussian superposition,GaussianLoss,pulse_opt.integrals.losses,[0.3],"[5, 7]","[0.78539816339, 1.57079632679, 2.35619449019, 3.14159265359]","['equal', 'covariance', 'variance', 'deterministic', 'variance_plus_deterministic']",1.0,True,1.0,True,0.3,7,1.57079632679,variance,14,112,14,0,25,4,1.0247250053353012,"[0.0405026  0.0567842  0.06773334 0.0708681  0.06552537 0.05248201
 0.03518256]","[ 5.17600397e-05 -1.46493152e-05 -7.99148253e-05 -1.55390906e-05
  8.42862683e-05  4.35163306e-05 -7.20087280e-05]","[array([8.60460503e-09]), array([1.18571705e-09]), array([-1.82311908e-08])]","[array([[0.49957093, 0.70800604, 0.85360557, 0.9044193 , 0.85360559,
        0.70800604, 0.49957094]]), array([[1.3298076 , 1.13964098, 0.7173082 , 0.33159046, 0.11257884,
        0.02807178, 0.00514093]]), array([[0.00514093, 0.02807177, 0.1125788 , 0.33159046, 0.71730815,
        1.13964098, 1.3298076 ]])]","[112, 112, 112]","[0, 0, 0]","[0, 0, 0]","[array([-0.07935967]), array([-0.00061817]), array([0.00330453])]",equality_constrained_sqp,"[-24.69014041  36.68758156   4.14233935 -41.10903782   4.11491964
  49.99783093 -35.84666912]",8.428626830908831e-05,1.8231190779260942e-08,51.798054695129395,205.71848666070557,1.0,1,14,True,`gtol` termination condition is satisfied.
gaussian_small,Configuration to test the Gaussian Pulses with constraints but fast.,GaussianFactory,pulse_opt.pulses.gaussian_factory,"['scale', 'n', 'has_vanishing_endpoints']",Gaussian superposition,GaussianLoss,pulse_opt.integrals.losses,[0.3],"[5, 7]","[0.78539816339, 1.57079632679, 2.35619449019, 3.14159265359]","['equal', 'covariance', 'variance', 'deterministic', 'variance_plus_deterministic']",1.0,True,1.0,True,0.3,7,1.57079632679,deterministic,172,1400,175,0,222,4,0.32666914212429593,"[0.07500656 0.10223109 0.11903109 0.12179558 0.10993462 0.08541495
 0.05498084]","[ 1.01982947e-06  9.77734211e-06 -1.75400029e-05 -7.73386335e-06
  2.54419764e-05 -6.88389583e-06 -4.62110718e-06]","[array([2.96301783e-06]), array([-1.71395143e-09]), array([3.41940756e-06])]","[array([[0.49957095, 0.70800604, 0.85360559, 0.90441895, 0.85360559,
        0.70800604, 0.49957094]]), array([[1.3298076 , 1.13964098, 0.71730821, 0.33159065, 0.11257884,
        0.02807178, 0.00514093]]), array([[0.00514093, 0.02807178, 0.11257884, 0.33158875, 0.71730819,
        1.13964098, 1.3298076 ]])]","[1400, 1400, 1400]","[0, 0, 0]","[0, 0, 0]","[array([-0.13640522]), array([-0.00519807]), array([0.00991523])]",equality_constrained_sqp,"[ 3.22084686e+02 -7.61949622e+02  6.98050686e+02 -3.17127453e-02
 -7.28708076e+02  8.27144486e+02 -3.60037962e+02]",2.5441976354197322e-05,3.4194075624327525e-06,500.119615316391,124.09254960228562,1.0,1,172,True,`gtol` termination condition is satisfied.
gaussian_small,Configuration to test the Gaussian Pulses with constraints but fast.,GaussianFactory,pulse_opt.pulses.gaussian_factory,"['scale', 'n', 'has_vanishing_endpoints']",Gaussian superposition,GaussianLoss,pulse_opt.integrals.losses,[0.3],"[5, 7]","[0.78539816339, 1.57079632679, 2.35619449019, 3.14159265359]","['equal', 'covariance', 'variance', 'deterministic', 'variance_plus_deterministic']",1.0,True,1.0,True,0.3,7,1.57079632679,variance_plus_deterministic,174,1424,178,0,300,1,1.8956017712068065,"[0.08917525 0.1240247  0.14683509 0.15218034 0.13872559 0.10885081
 0.07100632]","[ 5.16173391e-05 -2.51571329e-05 -7.39199402e-05  1.52193146e-05
  7.63456794e-05 -1.65551164e-05 -2.41992958e-05]","[array([-5.02624317e-07]), array([1.10675732e-07]), array([1.75143668e-07])]","[array([[0.49957094, 0.70800603, 0.85360559, 0.90441929, 0.8536056 ,
        0.70800604, 0.49957094]]), array([[1.3298076 , 1.13964098, 0.7173082 , 0.33159046, 0.11257884,
        0.02807178, 0.00514093]]), array([[0.00514093, 0.02807178, 0.11257884, 0.33159047, 0.71730821,
        1.13964098, 1.3298076 ]])]","[1424, 1424, 1424]","[0, 0, 0]","[0, 0, 0]","[array([-0.17125447]), array([-0.00272677]), array([0.01093185])]",equality_constrained_sqp,"[ 232.69020311 -533.35020015  440.58679161  119.84633656 -673.85406016
  714.24432033 -305.44708586]",7.634567942358013e-05,5.026243172778777e-07,1616.194537639618,597.2780744593184,1.0,1,174,True,`gtol` termination condition is satisfied.
gaussian_small,Configuration to test the Gaussian Pulses with constraints but fast.,GaussianFactory,pulse_opt.pulses.gaussian_factory,"['scale', 'n', 'has_vanishing_endpoints']",Gaussian superposition,GaussianLoss,pulse_opt.integrals.losses,[0.3],"[5, 7]","[0.78539816339, 1.57079632679, 2.35619449019, 3.14159265359]","['equal', 'covariance', 'variance', 'deterministic', 'variance_plus_deterministic']",1.0,True,1.0,True,0.3,7,2.35619449019,equal,239,1920,240,0,277,4,1.2125954462111035,"[0.10597227 0.13728992 0.15286839 0.15078976 0.13153468 0.09784882
 0.05905565]","[-2.20994728e-05  5.16880691e-05 -3.21784182e-05 -3.78367924e-05
  5.74193930e-05 -1.06461101e-05 -1.06956031e-05]","[array([2.54432564e-09]), array([-9.24633703e-10]), array([-3.23711902e-09])]","[array([[0.49957094, 0.70800603, 0.85360558, 0.9044193 , 0.85360559,
        0.70800604, 0.49957094]]), array([[1.3298076 , 1.13964099, 0.7173082 , 0.33159047, 0.11257884,
        0.02807178, 0.00514093]]), array([[0.00514093, 0.02807178, 0.11257884, 0.33159046, 0.7173082 ,
        1.13964098, 1.3298076 ]])]","[1920, 1920, 1920]","[0, 0, 0]","[0, 0, 0]","[array([-0.16735913]), array([-0.01690607]), array([0.01852021])]",equality_constrained_sqp,"[ 152.70459819 -374.9706447   368.02312241  -35.71415751 -342.36874229
  413.7343301  -184.81830048]",5.74193930325366e-05,3.237119017285295e-09,2695.76678609848,1623.1134479603566,1.0,1,239,True,`gtol` termination condition is satisfied.
gaussian_small,Configuration to test the Gaussian Pulses with constraints but fast.,GaussianFactory,pulse_opt.pulses.gaussian_factory,"['scale', 'n', 'has_vanishing_endpoints']",Gaussian superposition,GaussianLoss,pulse_opt.integrals.losses,[0.3],"[5, 7]","[0.78539816339, 1.57079632679, 2.35619449019, 3.14159265359]","['equal', 'covariance', 'variance', 'deterministic', 'variance_plus_deterministic']",1.0,True,1.0,True,0.3,7,2.35619449019,covariance,253,2024,253,0,281,4,-0.6190088529084289,"[0.06122406 0.08322593 0.09663467 0.09773127 0.08609656 0.06412157
 0.03837899]","[ 1.47921366e-05 -5.49337282e-05  6.55182674e-05  2.04901310e-06
 -4.47617040e-05  8.38230526e-06  1.20060658e-05]","[array([6.44445208e-09]), array([4.99575714e-10]), array([1.91045046e-09])]","[array([[0.49957094, 0.70800604, 0.85360559, 0.90441931, 0.8536056 ,
        0.70800604, 0.49957094]]), array([[1.32980759, 1.13964098, 0.71730821, 0.33159046, 0.11257884,
        0.02807178, 0.00514093]]), array([[0.00514094, 0.02807178, 0.11257884, 0.33159042, 0.7173082 ,
        1.13964098, 1.32980759]])]","[2024, 2024, 2024]","[0, 0, 0]","[0, 0, 0]","[array([-0.11123252]), array([-0.00429184]), array([0.01295196])]",equality_constrained_sqp,"[ 170.49407363 -418.71513316  409.81768736  -36.51424184 -384.11366448
  459.31665978 -203.84877348]",6.551826735346541e-05,6.444452083087526e-09,1101.6792023181915,1134.7668598219861,1.0,1,253,True,`gtol` termination condition is satisfied.
gaussian_small,Configuration to test the Gaussian Pulses with constraints but fast.,GaussianFactory,pulse_opt.pulses.gaussian_factory,"['scale', 'n', 'has_vanishing_endpoints']",Gaussian superposition,GaussianLoss,pulse_opt.integrals.losses,[0.3],"[5, 7]","[0.78539816339, 1.57079632679, 2.35619449019, 3.14159265359]","['equal', 'covariance', 'variance', 'deterministic', 'variance_plus_deterministic']",1.0,True,1.0,True,0.3,7,2.35619449019,variance,16,128,16,0,31,4,1.0828203750887377,"[0.10810381 0.15156085 0.18047093 0.18780008 0.17181324 0.13548837
 0.08911362]","[-6.72326584e-06  1.17027995e-05 -1.90354377e-05  2.72971305e-05
  1.88000917e-05 -7.73280369e-05  5.07128270e-05]","[array([-2.95197466e-09]), array([1.92506316e-10]), array([-2.46657805e-09])]","[array([[0.49957095, 0.70800603, 0.85360563, 0.9044193 , 0.85360559,
        0.70800604, 0.49957094]]), array([[1.32980759, 1.13964099, 0.71730822, 0.33159046, 0.11257884,
        0.02807178, 0.00514093]]), array([[0.00514093, 0.02807178, 0.11257877, 0.33159046, 0.71730822,
        1.13964097, 1.32980759]])]","[128, 128, 128]","[0, 0, 0]","[0, 0, 0]","[array([-0.21150248]), array([-0.00189068]), array([0.0124885])]",equality_constrained_sqp,"[-21.25372093  31.98283437   2.90644688 -35.67495426   4.4997243
  43.24990757 -31.43562818]",7.732803689942946e-05,2.951974664711088e-09,95.58929085731506,233.71330607228185,1.0,1,16,True,`gtol` termination condition is satisfied.
gaussian_small,Configuration to test the Gaussian Pulses with constraints but fast.,GaussianFactory,pulse_opt.pulses.gaussian_factory,"['scale', 'n', 'has_vanishing_endpoints']",Gaussian superposition,GaussianLoss,pulse_opt.integrals.losses,[0.3],"[5, 7]","[0.78539816339, 1.57079632679, 2.35619449019, 3.14159265359]","['equal', 'covariance', 'variance', 'deterministic', 'variance_plus_deterministic']",1.0,True,1.0,True,0.3,7,2.35619449019,deterministic,623,5000,625,0,689,4,0.33761427178133996,"[-0.05021643 -0.07515191 -0.0943826  -0.1033377  -0.10068487 -0.0866684
 -0.06388021]","[-5.08772485e-06 -1.21785557e-05  2.75184208e-05  1.16132257e-05
 -1.98364670e-05 -3.13338604e-05  3.26042764e-05]","[array([-6.85531631e-11]), array([1.39646072e-10]), array([5.45526291e-10])]","[array([[0.49957094, 0.70800604, 0.85360559, 0.90441928, 0.85360559,
        0.70800604, 0.49957094]]), array([[1.32980761, 1.13964098, 0.7173082 , 0.33159045, 0.11257884,
        0.02807178, 0.00514093]]), array([[0.00514093, 0.02807178, 0.11257884, 0.33159047, 0.7173082 ,
        1.13964098, 1.32980759]])]","[5000, 5000, 5000]","[0, 0, 0]","[0, 0, 0]","[array([0.11429011]), array([-0.00519709]), array([0.00514625])]",equality_constrained_sqp,"[ 237.2810738  -567.91935333  533.99281141  -24.91143711 -522.24717605
  608.39450289 -267.61191307]",3.2604276363703937e-05,5.455262908071745e-10,2515.167164325714,3307.0203850685766,1.0,1,623,True,`gtol` termination condition is satisfied.
gaussian_small,Configuration to test the Gaussian Pulses with constraints but fast.,GaussianFactory,pulse_opt.pulses.gaussian_factory,"['scale', 'n', 'has_vanishing_endpoints']",Gaussian superposition,GaussianLoss,pulse_opt.integrals.losses,[0.3],"[5, 7]","[0.78539816339, 1.57079632679, 2.35619449019, 3.14159265359]","['equal', 'covariance', 'variance', 'deterministic', 'variance_plus_deterministic']",1.0,True,1.0,True,0.3,7,2.35619449019,variance_plus_deterministic,363,2944,368,0,448,4,1.9225807022387733,"[-0.00166545 -0.00691737 -0.01290374 -0.01787012 -0.02123676 -0.02238381
 -0.02001353]","[-5.15040714e-06  1.79987056e-05 -2.34206011e-05  2.31459504e-06
  2.90433560e-05 -3.48695560e-05  1.52624527e-05]","[array([-9.38202049e-09]), array([3.97955668e-10]), array([-2.03556851e-08])]","[array([[0.49957094, 0.70800604, 0.85360559, 0.9044193 , 0.8536056 ,
        0.70800603, 0.49957094]]), array([[1.3298076 , 1.13964098, 0.71730821, 0.33159046, 0.11257884,
        0.02807178, 0.00514093]]), array([[0.00514092, 0.02807178, 0.11257883, 0.33159046, 0.7173082 ,
        1.13964098, 1.32980761]])]","[2944, 2944, 2944]","[0, 0, 0]","[0, 0, 0]","[array([0.0190251]), array([-0.00592935]), array([0.00793715])]",equality_constrained_sqp,"[ 157.61960607 -401.41603611  413.8217488   -50.28577079 -401.81025784
  502.79946918 -228.78815163]",3.4869556004306704e-05,2.035568513747421e-08,2196.9600801467896,946.2947234575622,1.0,1,363,True,`gtol` termination condition is satisfied.
gaussian_small,Configuration to test the Gaussian Pulses with constraints but fast.,GaussianFactory,pulse_opt.pulses.gaussian_factory,"['scale', 'n', 'has_vanishing_endpoints']",Gaussian superposition,GaussianLoss,pulse_opt.integrals.losses,[0.3],"[5, 7]","[0.78539816339, 1.57079632679, 2.35619449019, 3.14159265359]","['equal', 'covariance', 'variance', 'deterministic', 'variance_plus_deterministic']",1.0,True,1.0,True,0.3,7,3.14159265359,equal,365,2920,365,0,394,1,1.2390239490419153,"[ 0.02890354  0.02898672  0.02353272  0.01520503  0.00563083 -0.0039098
 -0.01023612]","[-1.78629202e-05  1.19691118e-05  2.44817919e-05 -2.30403250e-05
  4.78707980e-06 -1.48257755e-05  1.36124263e-05]","[array([-2.89847833e-07]), array([-6.80932821e-07]), array([2.51462211e-08])]","[array([[0.49957093, 0.70800604, 0.8536056 , 0.90441929, 0.85360559,
        0.70800604, 0.49957094]]), array([[1.3298076 , 1.13964098, 0.71730821, 0.33159046, 0.11257884,
        0.02807178, 0.00514093]]), array([[0.00514092, 0.02807178, 0.11257883, 0.33159048, 0.7173082 ,
        1.13964098, 1.3298076 ]])]","[2920, 2920, 2920]","[0, 0, 0]","[0, 0, 0]","[array([-0.01613765]), array([-0.01573957]), array([0.01383099])]",equality_constrained_sqp,"[ 129.19078469 -320.23572565  320.30548524  -41.12207597 -284.4610647
  351.67624252 -158.54692555]",2.448179189338054e-05,6.809328212398214e-07,3298.2027587890625,2509.897411666447,1.0,1,365,True,`gtol` termination condition is satisfied.
gaussian_small,Configuration to test the Gaussian Pulses with constraints but fast.,GaussianFactory,pulse_opt.pulses.gaussian_factory,"['scale', 'n', 'has_vanishing_endpoints']",Gaussian superposition,GaussianLoss,pulse_opt.integrals.losses,[0.3],"[5, 7]","[0.78539816339, 1.57079632679, 2.35619449019, 3.14159265359]","['equal', 'covariance', 'variance', 'deterministic', 'variance_plus_deterministic']",1.0,True,1.0,True,0.3,7,3.14159265359,covariance,345,2768,346,0,388,4,-0.602458021965184,"[ 0.01240637  0.00734183 -0.00085568 -0.00941479 -0.01704803 -0.02254442
 -0.02323886]","[ 4.83448009e-05 -5.25714857e-05 -2.37526878e-05  2.78696660e-05
  4.27533699e-05 -5.29833612e-05  1.83294472e-05]","[array([-7.06421588e-11]), array([-1.92426075e-11]), array([-1.59730007e-11])]","[array([[0.49957094, 0.70800604, 0.85360559, 0.9044193 , 0.85360559,
        0.70800604, 0.49957094]]), array([[1.3298076 , 1.13964097, 0.7173082 , 0.33159046, 0.11257884,
        0.02807178, 0.00514093]]), array([[0.00514093, 0.02807178, 0.11257884, 0.33159048, 0.71730821,
        1.13964097, 1.3298076 ]])]","[2768, 2768, 2768]","[0, 0, 0]","[0, 0, 0]","[array([0.0102636]), array([-0.01320174]), array([0.01368443])]",equality_constrained_sqp,"[ 125.85921534 -312.58404542  313.52317339  -40.9263592  -278.38539786
  344.96656363 -155.69728221]",5.298336115753047e-05,7.064215878926916e-11,1927.6433291435242,1077.3687686593694,1.0,1,345,True,`gtol` termination condition is satisfied.
gaussian_small,Configuration to test the Gaussian Pulses with constraints but fast.,GaussianFactory,pulse_opt.pulses.gaussian_factory,"['scale', 'n', 'has_vanishing_endpoints']",Gaussian superposition,GaussianLoss,pulse_opt.integrals.losses,[0.3],"[5, 7]","[0.78539816339, 1.57079632679, 2.35619449019, 3.14159265359]","['equal', 'covariance', 'variance', 'deterministic', 'variance_plus_deterministic']",1.0,True,1.0,True,0.3,7,3.14159265359,variance,13,104,13,0,23,1,1.145686423344813,"[0.10227352 0.14104071 0.16534474 0.16959872 0.15250441 0.11715623
 0.07413651]","[-5.83149209e-05  8.38429932e-05 -2.52704292e-05 -4.37789092e-06
  3.36844010e-05 -9.01015458e-05  6.07336542e-05]","[array([8.18413781e-09]), array([1.86916572e-08]), array([-6.15168361e-08])]","[array([[0.49957095, 0.70800603, 0.85360556, 0.90441929, 0.85360559,
        0.70800604, 0.49957094]]), array([[1.3298076 , 1.13964098, 0.7173082 , 0.33159046, 0.11257884,
        0.02807178, 0.00514093]]), array([[0.00514092, 0.02807178, 0.11257897, 0.33159046, 0.71730817,
        1.13964099, 1.3298076 ]])]","[104, 104, 104]","[0, 0, 0]","[0, 0, 0]","[array([-0.19167495]), array([-0.00500862]), array([0.01632206])]",equality_constrained_sqp,"[-20.22326263  30.74127025   2.06849169 -33.71405864   5.15320887
  40.1130168  -29.4956058 ]",9.010154577031304e-05,6.151683606958613e-08,91.45578646659851,324.408103604065,1.0,1,13,True,`gtol` termination condition is satisfied.
gaussian_small,Configuration to test the Gaussian Pulses with constraints but fast.,GaussianFactory,pulse_opt.pulses.gaussian_factory,"['scale', 'n', 'has_vanishing_endpoints']",Gaussian superposition,GaussianLoss,pulse_opt.integrals.losses,[0.3],"[5, 7]","[0.78539816339, 1.57079632679, 2.35619449019, 3.14159265359]","['equal', 'covariance', 'variance', 'deterministic', 'variance_plus_deterministic']",1.0,True,1.0,True,0.3,7,3.14159265359,deterministic,183,1496,187,0,253,4,0.23668896080651036,"[-0.06112045 -0.08194595 -0.09484183 -0.09862849 -0.09346895 -0.07941825
 -0.05810846]","[ 1.40552172e-05 -2.60648440e-05  1.52243627e-05 -2.29087211e-06
  1.32697209e-05 -2.54817440e-05  1.44582419e-05]","[array([1.85593763e-11]), array([-8.06577027e-13]), array([1.89004368e-11])]","[array([[0.49957093, 0.70800604, 0.85360558, 0.90441929, 0.8536056 ,
        0.70800604, 0.49957094]]), array([[1.3298076 , 1.13964097, 0.7173082 , 0.33159046, 0.11257884,
        0.02807178, 0.00514093]]), array([[0.00514094, 0.02807178, 0.11257884, 0.33159047, 0.7173082 ,
        1.13964098, 1.3298076 ]])]","[1496, 1496, 1496]","[0, 0, 0]","[0, 0, 0]","[array([0.10514989]), array([0.00645446]), array([0.00418099])]",equality_constrained_sqp,"[-103.39841455  207.15252863 -111.65940305 -141.16140191  313.2822118
 -265.64907094   99.35223022]",2.6064843987821457e-05,1.8900436771218665e-11,878.0304398536682,465.4407916072782,1.0,1,183,True,`gtol` termination condition is satisfied.
gaussian_small,Configuration to test the Gaussian Pulses with constraints but fast.,GaussianFactory,pulse_opt.pulses.gaussian_factory,"['scale', 'n', 'has_vanishing_endpoints']",Gaussian superposition,GaussianLoss,pulse_opt.integrals.losses,[0.3],"[5, 7]","[0.78539816339, 1.57079632679, 2.35619449019, 3.14159265359]","['equal', 'covariance', 'variance', 'deterministic', 'variance_plus_deterministic']",1.0,True,1.0,True,0.3,7,3.14159265359,variance_plus_deterministic,14,120,15,0,29,4,1.8629272615688688,"[-0.07627248 -0.11022372 -0.13462586 -0.14329965 -0.134613   -0.1102033
 -0.07625337]","[-9.44544239e-06  1.43001531e-05  1.80596659e-06 -1.79236407e-05
  4.60982106e-06  1.62445149e-05 -1.23570168e-05]","[array([-7.97737343e-09]), array([4.7368271e-09]), array([5.42658398e-08])]","[array([[0.49957094, 0.70800604, 0.85360558, 0.9044193 , 0.85360558,
        0.70800604, 0.49957094]]), array([[1.32980761, 1.13964099, 0.7173082 , 0.33159046, 0.11257884,
        0.02807178, 0.00514093]]), array([[0.00514094, 0.02807178, 0.11257884, 0.33159047, 0.71730822,
        1.13964098, 1.32980761]])]","[120, 120, 120]","[0, 0, 0]","[0, 0, 0]","[array([0.1606133]), array([-0.00297736]), array([-0.00299398])]",equality_constrained_sqp,"[ 50.03760597 -73.37968482  -6.09759793  72.22479574  -6.09742563
 -73.37922505  50.03714154]",1.7923640672374294e-05,5.426583982170996e-08,168.09819197654724,57.45837637937921,1.0,1,14,True,`gtol` termination condition is satisfied.
