,name,description,loss,loss_path,weights,a,scale,n,theta,nit,nfev,njev,nhev,cg_niter,cg_stop_cond,fun,grad,lagrangian_grad,constr,jac,constr_nfev,constr_njev,constr_nhev,v,method,x,optimality,constr_violation,execution_time,tr_radius,constr_penalty,status,niter,success,message
0,gaussian_small,Configuration to test the Gaussian Pulses with differents shifts and n for Ito integrals up to theta.,GaussianLoss,pulse_opt.integrals.losses,"[1.0, 1.0, 1.0, 1.0, 1.0, 1.0, 1.0, 1.0]",1.0,0.1,1,0.78539816339,1,2,1,0,0,0,2.685224649722064,[0.50822816],[0.],"[array([0.]), array([1.00000057])]","[array([[0.99999942]]), array([[1.]])]","[2, 0]","[0, 0]","[0, 0]","[array([-0.50822846]), array([0.])]",equality_constrained_sqp,[1.00000057],0.0,0.0,0.003296375274658203,1.0,1.0,1,1,True,`gtol` termination condition is satisfied.
1,gaussian_small,Configuration to test the Gaussian Pulses with differents shifts and n for Ito integrals up to theta.,GaussianLoss,pulse_opt.integrals.losses,"[1.0, 1.0, 1.0, 1.0, 1.0, 1.0, 1.0, 1.0]",1.0,0.1,1,1.57079632679,1,2,1,0,0,0,2.9736804004670905,[0.19126661],[0.],"[array([0.]), array([1.00000057])]","[array([[0.99999942]]), array([[1.]])]","[2, 0]","[0, 0]","[0, 0]","[array([-0.19126672]), array([0.])]",equality_constrained_sqp,[1.00000057],0.0,0.0,0.0027344226837158203,1.0,1.0,1,1,True,`gtol` termination condition is satisfied.
2,gaussian_small,Configuration to test the Gaussian Pulses with differents shifts and n for Ito integrals up to theta.,GaussianLoss,pulse_opt.integrals.losses,"[1.0, 1.0, 1.0, 1.0, 1.0, 1.0, 1.0, 1.0]",1.0,0.1,1,2.35619449019,1,2,1,0,0,0,2.9583856769185393,[-0.29092519],[0.],"[array([0.]), array([1.00000057])]","[array([[0.99999942]]), array([[1.]])]","[2, 0]","[0, 0]","[0, 0]","[array([0.29092536]), array([0.])]",equality_constrained_sqp,[1.00000057],0.0,0.0,0.0039522647857666016,1.0,1.0,1,1,True,`gtol` termination condition is satisfied.
3,gaussian_small,Configuration to test the Gaussian Pulses with differents shifts and n for Ito integrals up to theta.,GaussianLoss,pulse_opt.integrals.losses,"[1.0, 1.0, 1.0, 1.0, 1.0, 1.0, 1.0, 1.0]",1.0,0.1,1,3.14159265359,1,2,1,0,0,0,2.779600576937144,[-1.12900539],[0.],"[array([0.]), array([1.00000057])]","[array([[0.99999942]]), array([[1.]])]","[2, 0]","[0, 0]","[0, 0]","[array([1.12900604]), array([0.])]",equality_constrained_sqp,[1.00000057],0.0,0.0,0.002352476119995117,1.0,1.0,1,1,True,`gtol` termination condition is satisfied.
4,gaussian_small,Configuration to test the Gaussian Pulses with differents shifts and n for Ito integrals up to theta.,GaussianLoss,pulse_opt.integrals.losses,"[1.0, 1.0, 1.0, 1.0, 1.0, 1.0, 1.0, 1.0]",1.0,0.1,2,0.78539816339,14,48,16,0,13,1,0.766939010867897,[0.04656221 0.04656219],[ 6.28622517e-09 -6.28622514e-09],"[array([-2.22044605e-16]), array([2., 0.])]","[array([[0.5, 0.5]]), array([[1., 0.],
       [0., 1.]])]","[48, 0]","[0, 0]","[0, 0]","[array([-0.0931244]), array([0., 0.])]",equality_constrained_sqp,[-3.23317667  5.23317667],6.286225172347226e-09,2.220446049250313e-16,32.06280255317688,11.579605415020428,1.0,1,14,True,`gtol` termination condition is satisfied.
5,gaussian_small,Configuration to test the Gaussian Pulses with differents shifts and n for Ito integrals up to theta.,GaussianLoss,pulse_opt.integrals.losses,"[1.0, 1.0, 1.0, 1.0, 1.0, 1.0, 1.0, 1.0]",1.0,0.1,2,1.57079632679,16,48,16,0,15,1,0.8491221642199038,[0.06886648 0.06886649],[-7.06267073e-10  7.06267059e-10],"[array([0.]), array([2., 0.])]","[array([[0.5, 0.5]]), array([[1., 0.],
       [0., 1.]])]","[48, 0]","[0, 0]","[0, 0]","[array([-0.13773297]), array([0., 0.])]",equality_constrained_sqp,[-1.63197004  3.63197004],7.062670726032394e-10,0.0,25.96326231956482,10.339909360491216,1.0,1,16,True,`gtol` termination condition is satisfied.
6,gaussian_small,Configuration to test the Gaussian Pulses with differents shifts and n for Ito integrals up to theta.,GaussianLoss,pulse_opt.integrals.losses,"[1.0, 1.0, 1.0, 1.0, 1.0, 1.0, 1.0, 1.0]",1.0,0.1,2,2.35619449019,13,45,15,0,12,1,1.0898826855437886,[-0.09633002 -0.09633   ],[-6.63651648e-09  6.63651642e-09],"[array([0.]), array([2., 0.])]","[array([[0.5, 0.5]]), array([[1., 0.],
       [0., 1.]])]","[45, 0]","[0, 0]","[0, 0]","[array([0.19266002]), array([0., 0.])]",equality_constrained_sqp,[ 4.48932517 -2.48932517],6.63651647525576e-09,0.0,37.15938115119934,1.1380363947205772,1.0,1,13,True,`gtol` termination condition is satisfied.
7,gaussian_small,Configuration to test the Gaussian Pulses with differents shifts and n for Ito integrals up to theta.,GaussianLoss,pulse_opt.integrals.losses,"[1.0, 1.0, 1.0, 1.0, 1.0, 1.0, 1.0, 1.0]",1.0,0.1,2,3.14159265359,20,57,19,0,19,2,1.0183397359398614,[-0.15657046 -0.15657051],[ 2.53703288e-08 -2.53703289e-08],"[array([0.]), array([2., 0.])]","[array([[0.5, 0.5]]), array([[1., 0.],
       [0., 1.]])]","[57, 0]","[0, 0]","[0, 0]","[array([0.31314097]), array([0., 0.])]",equality_constrained_sqp,[ 3.35957686 -1.35957686],2.5370328921026086e-08,0.0,57.886415004730225,4.5029582508012756e-09,1.0,2,20,True,`xtol` termination condition is satisfied.
8,gaussian_small,Configuration to test the Gaussian Pulses with differents shifts and n for Ito integrals up to theta.,GaussianLoss,pulse_opt.integrals.losses,"[1.0, 1.0, 1.0, 1.0, 1.0, 1.0, 1.0, 1.0]",1.0,0.1,3,0.78539816339,15,60,15,0,17,4,0.7662257681528797,[0.04601601 0.09203196 0.046016  ],[ 5.05256604e-09  1.20079163e-09 -7.45414794e-09],"[array([0.]), array([2., 0., 0.])]","[array([[0.5       , 0.99999942, 0.5       ]]), array([[1., 0., 0.],
       [0., 1., 0.],
       [0., 0., 1.]])]","[60, 0]","[0, 0]","[0, 0]","[array([-0.09203202]), array([0., 0., 0.])]",equality_constrained_sqp,[-3.15253478 -0.08178451  5.31610371],7.454147944729872e-09,0.0,45.99311685562134,20.90149057804852,1.0,1,15,True,`gtol` termination condition is satisfied.
9,gaussian_small,Configuration to test the Gaussian Pulses with differents shifts and n for Ito integrals up to theta.,GaussianLoss,pulse_opt.integrals.losses,"[1.0, 1.0, 1.0, 1.0, 1.0, 1.0, 1.0, 1.0]",1.0,0.1,3,1.57079632679,23,100,25,0,30,4,0.8473959681824278,[0.06803987 0.13607968 0.06803987],[-9.33653187e-09  6.62056165e-09 -3.90458382e-09],"[array([-1.11022302e-16]), array([2., 0., 0.])]","[array([[0.5       , 0.99999943, 0.5       ]]), array([[1., 0., 0.],
       [0., 1., 0.],
       [0., 0., 1.]])]","[100, 0]","[0, 0]","[0, 0]","[array([-0.13607976]), array([0., 0., 0.])]",equality_constrained_sqp,[-1.56951689 -0.06438795  3.69829272],9.336531867076836e-09,1.1102230246251565e-16,104.67092537879944,6.953939088525257,1.0,1,23,True,`gtol` termination condition is satisfied.
10,gaussian_small,Configuration to test the Gaussian Pulses with differents shifts and n for Ito integrals up to theta.,GaussianLoss,pulse_opt.integrals.losses,"[1.0, 1.0, 1.0, 1.0, 1.0, 1.0, 1.0, 1.0]",1.0,0.1,3,2.35619449019,38,160,40,0,38,4,1.0897502736011464,[-0.09665851 -0.19331689 -0.0966585 ],[-5.45065758e-09  1.79919074e-09  1.85227815e-09],"[array([0.]), array([2., 0., 0.])]","[array([[0.5       , 0.99999943, 0.5       ]]), array([[1., 0., 0.],
       [0., 1., 0.],
       [0., 0., 1.]])]","[160, 0]","[0, 0]","[0, 0]","[array([0.193317]), array([0., 0., 0.])]",equality_constrained_sqp,[ 4.5022212  -0.0124356  -2.47735002],5.45065757806551e-09,0.0,214.40349650382996,1.5860205659017124,1.0,1,38,True,`gtol` termination condition is satisfied.
11,gaussian_small,Configuration to test the Gaussian Pulses with differents shifts and n for Ito integrals up to theta.,GaussianLoss,pulse_opt.integrals.losses,"[1.0, 1.0, 1.0, 1.0, 1.0, 1.0, 1.0, 1.0]",1.0,0.1,3,3.14159265359,27,148,37,0,37,1,1.0177492161862909,[-0.15820399 -0.31640798 -0.15820413],[ 9.02495137e-08 -1.63954383e-08 -5.74586581e-08],"[array([0.]), array([2., 0., 0.])]","[array([[0.5       , 0.99999941, 0.49999999]]), array([[1., 0., 0.],
       [0., 1., 0.],
       [0., 0., 1.]])]","[148, 0]","[0, 0]","[0, 0]","[array([0.31640815]), array([0., 0., 0.])]",equality_constrained_sqp,[ 3.38008143 -0.01949241 -1.34109663],9.024951369562828e-08,0.0,212.54520297050476,2.952886617041708e-09,1.0,2,27,True,`xtol` termination condition is satisfied.
12,gaussian_small,Configuration to test the Gaussian Pulses with differents shifts and n for Ito integrals up to theta.,GaussianLoss,pulse_opt.integrals.losses,"[1.0, 1.0, 1.0, 1.0, 1.0, 1.0, 1.0, 1.0]",1.0,0.1,4,0.78539816339,29,155,31,0,53,1,0.743658391128433,[0.04219642 0.08435661 0.08435662 0.04219642],[ 4.23639239e-09 -5.15077317e-09  2.29980743e-09  1.46309256e-09],"[array([4.4408921e-16]), array([2., 0., 0., 0.])]","[array([[0.5       , 0.99957094, 0.99957094, 0.5       ]]), array([[1., 0., 0., 0.],
       [0., 1., 0., 0.],
       [0., 0., 1., 0.],
       [0., 0., 0., 1.]])]","[155, 0]","[0, 0]","[0, 0]","[array([-0.08439283]), array([0., 0., 0., 0.])]",equality_constrained_sqp,[-3.61063938  0.52359639 -0.66947059  5.90226261],5.150773169093625e-09,4.440892098500626e-16,185.58182454109192,12.036440354215717,1.0,1,29,True,`gtol` termination condition is satisfied.
13,gaussian_small,Configuration to test the Gaussian Pulses with differents shifts and n for Ito integrals up to theta.,GaussianLoss,pulse_opt.integrals.losses,"[1.0, 1.0, 1.0, 1.0, 1.0, 1.0, 1.0, 1.0]",1.0,0.1,4,1.57079632679,38,225,45,0,65,4,0.8185939378942081,[0.0632713  0.12648837 0.12648831 0.0632713 ],[-1.55730642e-08  3.99000530e-08 -2.71551724e-08 -9.90576023e-09],"[array([0.]), array([2., 0., 0., 0.])]","[array([[0.5       , 0.99957094, 0.99957094, 0.5       ]]), array([[1., 0., 0., 0.],
       [0., 1., 0., 0.],
       [0., 0., 1., 0.],
       [0., 0., 0., 1.]])]","[225, 0]","[0, 0]","[0, 0]","[array([-0.12654263]), array([0., 0., 0., 0.])]",equality_constrained_sqp,[-1.81310909  0.27755651 -0.39905209  4.055996  ],3.990005301157673e-08,0.0,308.01881766319275,8.986848690841433e-09,1.0,2,38,True,`xtol` termination condition is satisfied.
14,gaussian_small,Configuration to test the Gaussian Pulses with differents shifts and n for Ito integrals up to theta.,GaussianLoss,pulse_opt.integrals.losses,"[1.0, 1.0, 1.0, 1.0, 1.0, 1.0, 1.0, 1.0]",1.0,0.1,4,2.35619449019,32,200,40,0,61,1,1.0433069674664788,[-0.08916099 -0.17824553 -0.17824554 -0.08916103],[ 2.64651844e-08  1.08072767e-09 -8.50602253e-09 -1.16209664e-08],"[array([0.]), array([2., 0., 0., 0.])]","[array([[0.5       , 0.99957094, 0.99957097, 0.5       ]]), array([[1., 0., 0., 0.],
       [0., 1., 0., 0.],
       [0., 0., 1., 0.],
       [0., 0., 0., 1.]])]","[200, 0]","[0, 0]","[0, 0]","[array([0.17832204]), array([0., 0., 0., 0.])]",equality_constrained_sqp,[ 4.82184563 -0.32948699  0.28775761 -2.73842267],2.6465184363444472e-08,0.0,358.0997202396393,7.339896312823958e-09,1.0,2,32,True,`xtol` termination condition is satisfied.
15,gaussian_small,Configuration to test the Gaussian Pulses with differents shifts and n for Ito integrals up to theta.,GaussianLoss,pulse_opt.integrals.losses,"[1.0, 1.0, 1.0, 1.0, 1.0, 1.0, 1.0, 1.0]",1.0,0.1,4,3.14159265359,22,110,22,0,39,4,0.9773938212187728,[-0.14365203 -0.28718078 -0.2871808  -0.14365203],[ 5.35533257e-10  7.39581985e-09 -5.36475925e-09 -4.59591176e-09],"[array([0.]), array([2., 0., 0., 0.])]","[array([[0.5       , 0.99957093, 0.99957094, 0.5       ]]), array([[1., 0., 0., 0.],
       [0., 1., 0., 0.],
       [0., 0., 1., 0.],
       [0., 0., 0., 1.]])]","[110, 0]","[0, 0]","[0, 0]","[array([0.28730406]), array([0., 0., 0., 0.])]",equality_constrained_sqp,[ 3.61168011 -0.23907455  0.18654352 -1.50666313],7.3958198454349144e-09,0.0,179.78748035430908,3.928415660319419,1.0,1,22,True,`gtol` termination condition is satisfied.
16,gaussian_small,Configuration to test the Gaussian Pulses with differents shifts and n for Ito integrals up to theta.,GaussianLoss,pulse_opt.integrals.losses,"[1.0, 1.0, 1.0, 1.0, 1.0, 1.0, 1.0, 1.0]",1.0,0.1,5,0.78539816339,39,294,49,0,92,4,0.7263016935886958,[0.03873423 0.07698745 0.0774685  0.07698745 0.03873426],"[-3.01657683e-08 -6.23157059e-09  3.03533067e-08 -1.20163531e-08
  5.72840944e-09]","[array([0.]), array([2., 0., 0., 0., 0.])]","[array([[0.5       , 0.99379033, 0.99999943, 0.99379031, 0.5       ]]), array([[1., 0., 0., 0., 0.],
       [0., 1., 0., 0., 0.],
       [0., 0., 1., 0., 0.],
       [0., 0., 0., 1., 0.],
       [0., 0., 0., 0., 1.]])]","[294, 0]","[0, 0]","[0, 0]","[array([-0.07746851]), array([0., 0., 0., 0., 0.])]",equality_constrained_sqp,[-3.95144406  0.58558453  0.13038867 -1.0430405   6.59989749],3.035330667366942e-08,0.0,482.00437092781067,3.0067505207496763e-09,1.0,2,39,True,`xtol` termination condition is satisfied.
17,gaussian_small,Configuration to test the Gaussian Pulses with differents shifts and n for Ito integrals up to theta.,GaussianLoss,pulse_opt.integrals.losses,"[1.0, 1.0, 1.0, 1.0, 1.0, 1.0, 1.0, 1.0]",1.0,0.1,5,1.57079632679,43,216,36,0,71,4,0.795322975433116,[0.0585617  0.11639608 0.1171233  0.1163961  0.05856169],"[ 7.42350681e-09 -4.98167119e-10 -1.79895345e-08  1.44029941e-08
  9.18576819e-10]","[array([0.]), array([2., 0., 0., 0., 0.])]","[array([[0.5       , 0.99379033, 0.99999943, 0.99379033, 0.5       ]]), array([[1., 0., 0., 0., 0.],
       [0., 1., 0., 0., 0.],
       [0., 0., 1., 0., 0.],
       [0., 0., 0., 1., 0.],
       [0., 0., 0., 0., 1.]])]","[216, 0]","[0, 0]","[0, 0]","[array([-0.11712338]), array([0., 0., 0., 0., 0.])]",equality_constrained_sqp,[-1.96444749  0.27553172  0.10676236 -0.66144172  4.51795014],1.7989534542572905e-08,0.0,399.45239305496216,1.292212660635301e-09,1.0,2,43,True,`xtol` termination condition is satisfied.
18,gaussian_small,Configuration to test the Gaussian Pulses with differents shifts and n for Ito integrals up to theta.,GaussianLoss,pulse_opt.integrals.losses,"[1.0, 1.0, 1.0, 1.0, 1.0, 1.0, 1.0, 1.0]",1.0,0.1,5,2.35619449019,45,276,46,0,96,4,1.0078605855412035,[-0.08394432 -0.16684616 -0.16788849 -0.16684608 -0.08394434],"[-2.93915635e-09 -5.66856937e-08  4.52799990e-08  2.28235835e-08
 -2.03171166e-08]","[array([-4.4408921e-16]), array([2., 0., 0., 0., 0.])]","[array([[0.5       , 0.99379033, 0.99999943, 0.99379036, 0.5       ]]), array([[1., 0., 0., 0., 0.],
       [0., 1., 0., 0., 0.],
       [0., 0., 1., 0., 0.],
       [0., 0., 0., 1., 0.],
       [0., 0., 0., 0., 1.]])]","[276, 0]","[0, 0]","[0, 0]","[array([0.16788863]), array([0., 0., 0., 0., 0.])]",equality_constrained_sqp,[ 5.20479529 -0.51671026  0.03091969  0.37354479 -2.9820817 ],5.668569366679144e-08,4.440892098500626e-16,607.1676685810089,5.639441382598279e-09,1.0,2,45,True,`xtol` termination condition is satisfied.
19,gaussian_small,Configuration to test the Gaussian Pulses with differents shifts and n for Ito integrals up to theta.,GaussianLoss,pulse_opt.integrals.losses,"[1.0, 1.0, 1.0, 1.0, 1.0, 1.0, 1.0, 1.0]",1.0,0.1,5,3.14159265359,31,234,39,0,75,1,0.9458923824150103,[-0.13498478 -0.26829325 -0.26996946 -0.26829323 -0.13498483],"[ 3.53677350e-08 -3.35863426e-08  2.90505134e-08 -8.62802868e-09
 -9.56426216e-09]","[array([0.]), array([2., 0., 0., 0., 0.])]","[array([[0.5       , 0.99379032, 0.99999943, 0.99379036, 0.5       ]]), array([[1., 0., 0., 0., 0.],
       [0., 1., 0., 0., 0.],
       [0., 0., 1., 0., 0.],
       [0., 0., 0., 1., 0.],
       [0., 0., 0., 0., 1.]])]","[234, 0]","[0, 0]","[0, 0]","[array([0.26996964]), array([0., 0., 0., 0., 0.])]",equality_constrained_sqp,[ 3.91079041 -0.39672046  0.04251683  0.21734539 -1.63930161],3.5367735046198945e-08,0.0,496.789669752121,9.600601255268656e-09,1.0,2,31,True,`xtol` termination condition is satisfied.
20,gaussian_small,Configuration to test the Gaussian Pulses with differents shifts and n for Ito integrals up to theta.,GaussianLoss,pulse_opt.integrals.losses,"[1.0, 1.0, 1.0, 1.0, 1.0, 1.0, 1.0, 1.0]",1.0,0.2,1,0.78539816339,1,2,1,0,0,0,2.7029613516542086,[0.54859168],[0.],"[array([0.]), array([1.01257551])]","[array([[0.98758067]]), array([[1.]])]","[2, 0]","[0, 0]","[0, 0]","[array([-0.55549049]), array([0.])]",equality_constrained_sqp,[1.01257551],0.0,0.0,0.005187273025512695,1.0,1.0,1,1,True,`gtol` termination condition is satisfied.
21,gaussian_small,Configuration to test the Gaussian Pulses with differents shifts and n for Ito integrals up to theta.,GaussianLoss,pulse_opt.integrals.losses,"[1.0, 1.0, 1.0, 1.0, 1.0, 1.0, 1.0, 1.0]",1.0,0.2,1,1.57079632679,1,2,1,0,0,0,3.0652182243769244,[0.36459894],[0.],"[array([0.]), array([1.01257551])]","[array([[0.98758067]]), array([[1.]])]","[2, 0]","[0, 0]","[0, 0]","[array([-0.36918396]), array([0.])]",equality_constrained_sqp,[1.01257551],0.0,0.0,0.002964496612548828,1.0,1.0,1,1,True,`gtol` termination condition is satisfied.
22,gaussian_small,Configuration to test the Gaussian Pulses with differents shifts and n for Ito integrals up to theta.,GaussianLoss,pulse_opt.integrals.losses,"[1.0, 1.0, 1.0, 1.0, 1.0, 1.0, 1.0, 1.0]",1.0,0.2,1,2.35619449019,1,2,1,0,0,0,3.1337310892654076,[-0.06070756],[0.],"[array([0.]), array([1.01257551])]","[array([[0.98758067]]), array([[1.]])]","[2, 0]","[0, 0]","[0, 0]","[array([0.06147099]), array([0.])]",equality_constrained_sqp,[1.01257551],0.0,0.0,0.0031404495239257812,1.0,1.0,1,1,True,`gtol` termination condition is satisfied.
23,gaussian_small,Configuration to test the Gaussian Pulses with differents shifts and n for Ito integrals up to theta.,GaussianLoss,pulse_opt.integrals.losses,"[1.0, 1.0, 1.0, 1.0, 1.0, 1.0, 1.0, 1.0]",1.0,0.2,1,3.14159265359,1,2,1,0,0,0,3.038362199694291,[-0.71601017],[0.],"[array([0.]), array([1.01257551])]","[array([[0.98758067]]), array([[1.]])]","[2, 0]","[0, 0]","[0, 0]","[array([0.72501436]), array([0.])]",equality_constrained_sqp,[1.01257551],0.0,0.0,0.003828287124633789,1.0,1.0,1,1,True,`gtol` termination condition is satisfied.
24,gaussian_small,Configuration to test the Gaussian Pulses with differents shifts and n for Ito integrals up to theta.,GaussianLoss,pulse_opt.integrals.losses,"[1.0, 1.0, 1.0, 1.0, 1.0, 1.0, 1.0, 1.0]",1.0,0.2,2,0.78539816339,13,42,14,0,12,1,0.9507785895093428,[0.08510779 0.08510779],[ 1.11123111e-09 -1.11123113e-09],"[array([-6.66133815e-16]), array([2.00000115, 0.        ])]","[array([[0.49999971, 0.49999971]]), array([[1., 0.],
       [0., 1.]])]","[42, 0]","[0, 0]","[0, 0]","[array([-0.17021568]), array([0., 0.])]",equality_constrained_sqp,[-3.80853497  5.80853612],1.1112311348870918e-09,6.661338147750939e-16,12.878217697143555,8.201447102169581,1.0,1,13,True,`gtol` termination condition is satisfied.
25,gaussian_small,Configuration to test the Gaussian Pulses with differents shifts and n for Ito integrals up to theta.,GaussianLoss,pulse_opt.integrals.losses,"[1.0, 1.0, 1.0, 1.0, 1.0, 1.0, 1.0, 1.0]",1.0,0.2,2,1.57079632679,16,54,18,0,15,1,1.102424313822497,[0.12825913 0.12825912],[ 5.43256926e-09 -5.43256926e-09],"[array([-6.10622664e-15]), array([2.00000115, 0.        ])]","[array([[0.49999972, 0.49999971]]), array([[1., 0.],
       [0., 1.]])]","[54, 0]","[0, 0]","[0, 0]","[array([-0.2565184]), array([0., 0.])]",equality_constrained_sqp,[-1.96282475  3.9628259 ],5.432569255559017e-09,6.106226635438361e-15,21.85519528388977,4.765765873308461,1.0,1,16,True,`gtol` termination condition is satisfied.
26,gaussian_small,Configuration to test the Gaussian Pulses with differents shifts and n for Ito integrals up to theta.,GaussianLoss,pulse_opt.integrals.losses,"[1.0, 1.0, 1.0, 1.0, 1.0, 1.0, 1.0, 1.0]",1.0,0.2,2,2.35619449019,11,36,12,0,10,1,1.5325530722048688,[-0.16938991 -0.1693899 ],[-3.82190407e-09  3.82190418e-09],"[array([5.32907052e-15]), array([2.00000115, 0.        ])]","[array([[0.49999972, 0.49999971]]), array([[1., 0.],
       [0., 1.]])]","[36, 0]","[0, 0]","[0, 0]","[array([0.33878001]), array([0., 0.])]",equality_constrained_sqp,[ 4.82205364 -2.8220525 ],3.821904182021996e-09,5.329070518200751e-15,26.14494252204895,2.807400473321,1.0,1,11,True,`gtol` termination condition is satisfied.
27,gaussian_small,Configuration to test the Gaussian Pulses with differents shifts and n for Ito integrals up to theta.,GaussianLoss,pulse_opt.integrals.losses,"[1.0, 1.0, 1.0, 1.0, 1.0, 1.0, 1.0, 1.0]",1.0,0.2,2,3.14159265359,14,51,17,0,13,1,1.4082848331705577,[-0.2680848  -0.26808481],[ 3.15659782e-09 -3.15659798e-09],"[array([6.66133815e-16]), array([2.00000115, 0.        ])]","[array([[0.49999971, 0.49999971]]), array([[1., 0.],
       [0., 1.]])]","[51, 0]","[0, 0]","[0, 0]","[array([0.53616992]), array([0., 0.])]",equality_constrained_sqp,[ 3.58203781 -1.58203666],3.1565979830006086e-09,6.661338147750939e-16,33.72625970840454,2.937734036871734,1.0,1,14,True,`gtol` termination condition is satisfied.
28,gaussian_small,Configuration to test the Gaussian Pulses with differents shifts and n for Ito integrals up to theta.,GaussianLoss,pulse_opt.integrals.losses,"[1.0, 1.0, 1.0, 1.0, 1.0, 1.0, 1.0, 1.0]",1.0,0.2,3,0.78539816339,20,80,20,0,29,1,0.9446574226965118,[0.08022567 0.15845872 0.08022566],[ 5.08157141e-09  8.31424624e-10 -6.72377005e-09],"[array([-6.21724894e-15]), array([2.00000115, 0.        , 0.        ])]","[array([[0.49999971, 0.98758066, 0.49999971]]), array([[1., 0., 0.],
       [0., 1., 0.],
       [0., 0., 1.]])]","[80, 0]","[0, 0]","[0, 0]","[array([-0.16045143]), array([0., 0., 0.])]",equality_constrained_sqp,[-3.37454851 -0.44851526  6.26044017],6.7237700546174395e-09,6.217248937900877e-15,31.547250270843506,16.97314578876094,1.0,1,20,True,`gtol` termination condition is satisfied.
29,gaussian_small,Configuration to test the Gaussian Pulses with differents shifts and n for Ito integrals up to theta.,GaussianLoss,pulse_opt.integrals.losses,"[1.0, 1.0, 1.0, 1.0, 1.0, 1.0, 1.0, 1.0]",1.0,0.2,3,1.57079632679,25,108,27,0,36,1,1.086616743128837,[0.11968477 0.23639688 0.11968478],[-7.58081445e-09  2.15474952e-09  3.32483441e-09],"[array([-2.22044605e-16]), array([2.00000115, 0.        , 0.        ])]","[array([[0.49999972, 0.98758067, 0.49999971]]), array([[1., 0., 0.],
       [0., 1., 0.],
       [0., 0., 1.]])]","[108, 0]","[0, 0]","[0, 0]","[array([-0.23936969]), array([0., 0., 0.])]",equality_constrained_sqp,[-1.60979467 -0.37474479  4.34997765],7.580814448404638e-09,2.220446049250313e-16,64.47972512245178,4.725187928837837,1.0,1,25,True,`gtol` termination condition is satisfied.
30,gaussian_small,Configuration to test the Gaussian Pulses with differents shifts and n for Ito integrals up to theta.,GaussianLoss,pulse_opt.integrals.losses,"[1.0, 1.0, 1.0, 1.0, 1.0, 1.0, 1.0, 1.0]",1.0,0.2,3,2.35619449019,31,164,41,0,45,1,1.5305768340415575,[-0.17387601 -0.34343338 -0.17387602],[ 4.71421363e-09  4.15402435e-10 -5.53470095e-09],"[array([0.]), array([2.00000115, 0.        , 0.        ])]","[array([[0.49999972, 0.98758066, 0.49999972]]), array([[1., 0., 0.],
       [0., 1., 0.],
       [0., 0., 1.]])]","[164, 0]","[0, 0]","[0, 0]","[array([0.34775223]), array([0., 0., 0.])]",equality_constrained_sqp,[ 4.93846175 -0.11011973 -2.72095625],5.534700947551485e-09,0.0,147.84304451942444,3.1626352376006384e-08,1.0,1,31,True,`gtol` termination condition is satisfied.
31,gaussian_small,Configuration to test the Gaussian Pulses with differents shifts and n for Ito integrals up to theta.,GaussianLoss,pulse_opt.integrals.losses,"[1.0, 1.0, 1.0, 1.0, 1.0, 1.0, 1.0, 1.0]",1.0,0.2,3,3.14159265359,17,68,17,0,22,1,1.4006104541774937,[-0.28718445 -0.56723593 -0.28718443],[-5.69026476e-09 -1.93191485e-09  9.50611029e-09],"[array([-3.33066907e-16]), array([2.00000115, 0.        , 0.        ])]","[array([[0.49999972, 0.98758067, 0.49999971]]), array([[1., 0., 0.],
       [0., 1., 0.],
       [0., 0., 1.]])]","[68, 0]","[0, 0]","[0, 0]","[array([0.57436921]), array([0., 0., 0.])]",equality_constrained_sqp,[ 3.75035782 -0.15565276 -1.44291719],9.506110287826885e-09,3.3306690738754696e-16,59.07892727851868,6.553665918070467,1.0,1,17,True,`gtol` termination condition is satisfied.
32,gaussian_small,Configuration to test the Gaussian Pulses with differents shifts and n for Ito integrals up to theta.,GaussianLoss,pulse_opt.integrals.losses,"[1.0, 1.0, 1.0, 1.0, 1.0, 1.0, 1.0, 1.0]",1.0,0.2,4,0.78539816339,23,115,23,0,36,1,0.7910735162610607,[0.05453036 0.10380193 0.10380192 0.05453036],[-7.95644793e-10  4.06721301e-09 -4.16041004e-09  9.73051389e-10],"[array([1.24344979e-14]), array([2.00000115, 0.        , 0.        , 0.        ])]","[array([[0.49999972, 0.95178058, 0.95178059, 0.49999971]]), array([[1., 0., 0., 0.],
       [0., 1., 0., 0.],
       [0., 0., 1., 0.],
       [0., 0., 0., 1.]])]","[115, 0]","[0, 0]","[0, 0]","[array([-0.10906077]), array([0., 0., 0., 0.])]",equality_constrained_sqp,[-8.03819281  5.19159755 -5.92191681 11.42840214],4.160410044251606e-09,1.2434497875801753e-14,94.78797030448914,78.87480797253518,1.0,1,23,True,`gtol` termination condition is satisfied.
33,gaussian_small,Configuration to test the Gaussian Pulses with differents shifts and n for Ito integrals up to theta.,GaussianLoss,pulse_opt.integrals.losses,"[1.0, 1.0, 1.0, 1.0, 1.0, 1.0, 1.0, 1.0]",1.0,0.2,4,1.57079632679,30,155,31,0,45,4,0.8904680067471198,[0.08636275 0.16439687 0.16439687 0.08636276],[ 4.97867789e-10 -6.32597622e-09  1.31244490e-09  9.04570109e-09],"[array([0.]), array([2.00000115, 0.        , 0.        , 0.        ])]","[array([[0.49999972, 0.95178059, 0.95178059, 0.49999971]]), array([[1., 0., 0., 0.],
       [0., 1., 0., 0.],
       [0., 0., 1., 0.],
       [0., 0., 0., 1.]])]","[155, 0]","[0, 0]","[0, 0]","[array([-0.1727256]), array([0., 0., 0., 0.])]",equality_constrained_sqp,[-4.23899891  2.91600235 -3.59123654  7.52435038],9.045701090948377e-09,0.0,134.94387316703796,31.3829697859002,1.0,1,30,True,`gtol` termination condition is satisfied.
34,gaussian_small,Configuration to test the Gaussian Pulses with differents shifts and n for Ito integrals up to theta.,GaussianLoss,pulse_opt.integrals.losses,"[1.0, 1.0, 1.0, 1.0, 1.0, 1.0, 1.0, 1.0]",1.0,0.2,4,2.35619449019,26,130,26,0,40,1,1.1781178585122896,[-0.10946648 -0.20837625 -0.20837625 -0.10946647],[-8.79103573e-09  1.61134059e-09 -1.49953922e-09  8.57821479e-09],"[array([3.5971226e-14]), array([2.00000115, 0.        , 0.        , 0.        ])]","[array([[0.49999971, 0.95178058, 0.95178059, 0.49999972]]), array([[1., 0., 0., 0.],
       [0., 1., 0., 0.],
       [0., 0., 1., 0.],
       [0., 0., 0., 1.]])]","[130, 0]","[0, 0]","[0, 0]","[array([0.21893307]), array([0., 0., 0., 0.])]",equality_constrained_sqp,[ 8.55971265 -3.7628422   3.29254571 -5.66447286],8.791035732702568e-09,3.597122599785507e-14,155.62064504623413,44.25076600714797,1.0,1,26,True,`gtol` termination condition is satisfied.
35,gaussian_small,Configuration to test the Gaussian Pulses with differents shifts and n for Ito integrals up to theta.,GaussianLoss,pulse_opt.integrals.losses,"[1.0, 1.0, 1.0, 1.0, 1.0, 1.0, 1.0, 1.0]",1.0,0.2,4,3.14159265359,32,180,36,0,70,2,1.099701050359025,[-0.16506675 -0.31421485 -0.31421485 -0.16506678],[ 8.46146428e-09  3.98203071e-09  1.18048998e-09 -1.82886442e-08],"[array([2.22044605e-16]), array([2.00000115, 0.        , 0.        , 0.        ])]","[array([[0.49999971, 0.95178059, 0.95178058, 0.49999971]]), array([[1., 0., 0., 0.],
       [0., 1., 0., 0.],
       [0., 0., 1., 0.],
       [0., 0., 0., 1.]])]","[180, 0]","[0, 0]","[0, 0]","[array([0.33013371]), array([0., 0., 0., 0.])]",equality_constrained_sqp,[ 6.26437874 -2.6192895   2.12321003 -3.32005943],1.8288644182407054e-08,2.220446049250313e-16,235.14593815803528,3.793304753379714e-09,1.0,2,32,True,`xtol` termination condition is satisfied.
36,gaussian_small,Configuration to test the Gaussian Pulses with differents shifts and n for Ito integrals up to theta.,GaussianLoss,pulse_opt.integrals.losses,"[1.0, 1.0, 1.0, 1.0, 1.0, 1.0, 1.0, 1.0]",1.0,0.2,5,0.78539816339,34,210,35,0,70,1,0.7751883526007652,[0.04848597 0.08671836 0.09576768 0.08671836 0.04848598],"[-2.90797671e-09  1.43661735e-09  2.54397636e-09 -3.81865725e-09
  2.14354720e-09]","[array([9.08606523e-13]), array([2.00000115, 0.        , 0.        , 0.        , 0.        ])]","[array([[0.49999972, 0.89426182, 0.98758068, 0.89426181, 0.49999971]]), array([[1., 0., 0., 0., 0.],
       [0., 1., 0., 0., 0.],
       [0., 0., 1., 0., 0.],
       [0., 0., 0., 1., 0.],
       [0., 0., 0., 0., 1.]])]","[210, 0]","[0, 0]","[0, 0]","[array([-0.096972]), array([0., 0., 0., 0., 0.])]",equality_constrained_sqp,[-7.36488828  2.19665179  3.21596835 -9.3089608  15.73336938],3.8186572515197525e-09,9.086065233532281e-13,208.3714256286621,40.323210175783885,1.0,1,34,True,`gtol` termination condition is satisfied.
37,gaussian_small,Configuration to test the Gaussian Pulses with differents shifts and n for Ito integrals up to theta.,GaussianLoss,pulse_opt.integrals.losses,"[1.0, 1.0, 1.0, 1.0, 1.0, 1.0, 1.0, 1.0]",1.0,0.2,5,1.57079632679,50,342,57,0,105,2,0.8627796273513334,[0.07581611 0.13559903 0.14974915 0.13559898 0.07581611],"[-3.70919739e-09  2.96415815e-08 -2.69936681e-09 -1.93258631e-08
 -9.40903351e-09]","[array([0.]), array([2.00000115, 0.        , 0.        , 0.        , 0.        ])]","[array([[0.4999997 , 0.89426184, 0.98758068, 0.8942618 , 0.49999971]]), array([[1., 0., 0., 0., 0.],
       [0., 1., 0., 0., 0.],
       [0., 0., 1., 0., 0.],
       [0., 0., 0., 1., 0.],
       [0., 0., 0., 0., 1.]])]","[342, 0]","[0, 0]","[0, 0]","[array([-0.15163233]), array([0., 0., 0., 0., 0.])]",equality_constrained_sqp,[-3.21203604  0.34256504  2.74704858 -6.52165377 10.83762239],2.964158146712137e-08,0.0,372.5531153678894,5.442840748711846e-09,1.0,2,50,True,`xtol` termination condition is satisfied.
38,gaussian_small,Configuration to test the Gaussian Pulses with differents shifts and n for Ito integrals up to theta.,GaussianLoss,pulse_opt.integrals.losses,"[1.0, 1.0, 1.0, 1.0, 1.0, 1.0, 1.0, 1.0]",1.0,0.2,5,2.35619449019,38,246,41,0,91,4,1.152265840574504,[-0.11101129 -0.19854641 -0.21926531 -0.19854642 -0.11101128],"[-1.95393442e-09  2.38465553e-09  4.56294447e-09 -7.81962770e-09
  2.66195965e-09]","[array([5.32907052e-15]), array([2.00000115, 0.        , 0.        , 0.        , 0.        ])]","[array([[0.49999972, 0.89426181, 0.98758066, 0.89426181, 0.49999972]]), array([[1., 0., 0., 0., 0.],
       [0., 1., 0., 0., 0.],
       [0., 0., 1., 0., 0.],
       [0., 0., 0., 1., 0.],
       [0., 0., 0., 0., 1.]])]","[246, 0]","[0, 0]","[0, 0]","[array([0.22202269]), array([0., 0., 0., 0., 0.])]",equality_constrained_sqp,[10.74371781 -5.04823899  0.9948806   2.41024669 -5.99065325],7.819627695360154e-09,5.329070518200751e-15,367.9018130302429,41.944138457178305,1.0,1,38,True,`gtol` termination condition is satisfied.
39,gaussian_small,Configuration to test the Gaussian Pulses with differents shifts and n for Ito integrals up to theta.,GaussianLoss,pulse_opt.integrals.losses,"[1.0, 1.0, 1.0, 1.0, 1.0, 1.0, 1.0, 1.0]",1.0,0.2,5,3.14159265359,48,366,61,0,117,2,1.0706581334453413,[-0.1776165  -0.31767162 -0.35082168 -0.31767172 -0.17761669],"[ 1.00857220e-07  5.76315116e-08 -1.99656106e-08 -4.32102388e-08
 -8.72146969e-08]","[array([-2.22044605e-16]), array([2.00000115, 0.        , 0.        , 0.        , 0.        ])]","[array([[0.49999971, 0.89426181, 0.98758068, 0.89426181, 0.49999971]]), array([[1., 0., 0., 0., 0.],
       [0., 1., 0., 0., 0.],
       [0., 0., 1., 0., 0.],
       [0., 0., 0., 1., 0.],
       [0., 0., 0., 0., 1.]])]","[366, 0]","[0, 0]","[0, 0]","[array([0.35523341]), array([0., 0., 0., 0., 0.])]",equality_constrained_sqp,[ 8.3442764  -4.20425001  1.31446635  0.92017897 -3.06691787],1.0085721993680075e-07,2.220446049250313e-16,615.8778429031372,7.72563327293475e-09,1.0,2,48,True,`xtol` termination condition is satisfied.
40,gaussian_small,Configuration to test the Gaussian Pulses with differents shifts and n for Ito integrals up to theta.,GaussianLoss,pulse_opt.integrals.losses,"[1.0, 1.0, 1.0, 1.0, 1.0, 1.0, 1.0, 1.0]",1.0,0.3,1,0.78539816339,1,2,1,0,0,0,2.712749051973147,[0.52608504],[0.],"[array([0.]), array([1.10568185])]","[array([[0.90441929]]), array([[1.]])]","[2, 0]","[0, 0]","[0, 0]","[array([-0.58168268]), array([0.])]",equality_constrained_sqp,[1.10568185],0.0,0.0,0.002805948257446289,1.0,1.0,1,1,True,`gtol` termination condition is satisfied.
41,gaussian_small,Configuration to test the Gaussian Pulses with differents shifts and n for Ito integrals up to theta.,GaussianLoss,pulse_opt.integrals.losses,"[1.0, 1.0, 1.0, 1.0, 1.0, 1.0, 1.0, 1.0]",1.0,0.3,1,1.57079632679,1,2,1,0,0,0,3.1164350736362834,[0.42524103],[0.],"[array([0.]), array([1.10568185])]","[array([[0.90441929]]), array([[1.]])]","[2, 0]","[0, 0]","[0, 0]","[array([-0.47018129]), array([0.])]",equality_constrained_sqp,[1.10568185],0.0,0.0,0.003401041030883789,1.0,1.0,1,1,True,`gtol` termination condition is satisfied.
42,gaussian_small,Configuration to test the Gaussian Pulses with differents shifts and n for Ito integrals up to theta.,GaussianLoss,pulse_opt.integrals.losses,"[1.0, 1.0, 1.0, 1.0, 1.0, 1.0, 1.0, 1.0]",1.0,0.3,1,2.35619449019,1,2,1,0,0,0,3.232523664408335,[0.05993907],[0.],"[array([0.]), array([1.10568185])]","[array([[0.90441929]]), array([[1.]])]","[2, 0]","[0, 0]","[0, 0]","[array([-0.06627354]), array([0.])]",equality_constrained_sqp,[1.10568185],0.0,0.0,0.003453969955444336,1.0,1.0,1,1,True,`gtol` termination condition is satisfied.
43,gaussian_small,Configuration to test the Gaussian Pulses with differents shifts and n for Ito integrals up to theta.,GaussianLoss,pulse_opt.integrals.losses,"[1.0, 1.0, 1.0, 1.0, 1.0, 1.0, 1.0, 1.0]",1.0,0.3,1,3.14159265359,1,2,1,0,0,0,3.181226842477688,[-0.46915062],[5.55111512e-17],"[array([0.]), array([1.10568185])]","[array([[0.90441929]]), array([[1.]])]","[2, 0]","[0, 0]","[0, 0]","[array([0.51873133]), array([0.])]",equality_constrained_sqp,[1.10568185],5.551115123125783e-17,0.0,0.00336456298828125,1.0,1.0,1,1,True,`gtol` termination condition is satisfied.
44,gaussian_small,Configuration to test the Gaussian Pulses with differents shifts and n for Ito integrals up to theta.,GaussianLoss,pulse_opt.integrals.losses,"[1.0, 1.0, 1.0, 1.0, 1.0, 1.0, 1.0, 1.0]",1.0,0.3,2,0.78539816339,14,45,15,0,13,1,1.034061808908226,[0.10592325 0.10592326],[-4.05432873e-09  4.05432872e-09],"[array([3.95239397e-14]), array([2.00171772, 0.        ])]","[array([[0.49957094, 0.49957094]]), array([[1., 0.],
       [0., 1.]])]","[45, 0]","[0, 0]","[0, 0]","[array([-0.21202846]), array([0., 0.])]",equality_constrained_sqp,[-5.03698262  7.03870033],4.054328733849033e-09,3.952393967665557e-14,10.659883737564087,13.522812319149695,1.0,1,14,True,`gtol` termination condition is satisfied.
45,gaussian_small,Configuration to test the Gaussian Pulses with differents shifts and n for Ito integrals up to theta.,GaussianLoss,pulse_opt.integrals.losses,"[1.0, 1.0, 1.0, 1.0, 1.0, 1.0, 1.0, 1.0]",1.0,0.3,2,1.57079632679,16,51,17,0,15,1,1.2253051397404024,[0.16341814 0.16341815],[-1.77109599e-09  1.77109608e-09],"[array([4.30766534e-14]), array([2.00171772, 0.        ])]","[array([[0.49957094, 0.49957094]]), array([[1., 0.],
       [0., 1.]])]","[51, 0]","[0, 0]","[0, 0]","[array([-0.327117]), array([0., 0.])]",equality_constrained_sqp,[-2.69444748  4.69616519],1.7710960753536398e-09,4.3076653355456074e-14,14.994672298431396,4.528484080656207,1.0,1,16,True,`gtol` termination condition is satisfied.
46,gaussian_small,Configuration to test the Gaussian Pulses with differents shifts and n for Ito integrals up to theta.,GaussianLoss,pulse_opt.integrals.losses,"[1.0, 1.0, 1.0, 1.0, 1.0, 1.0, 1.0, 1.0]",1.0,0.3,2,2.35619449019,17,60,20,0,16,1,1.7130879818625615,[-0.1838878 -0.1838878],[-9.18396109e-10  9.18396054e-10],"[array([6.21724894e-15]), array([2.00171772, 0.        ])]","[array([[0.49957094, 0.49957094]]), array([[1., 0.],
       [0., 1.]])]","[60, 0]","[0, 0]","[0, 0]","[array([0.36809147]), array([0., 0.])]",equality_constrained_sqp,[ 5.69828602 -3.69656831],9.183961091618897e-10,6.217248937900877e-15,32.227569341659546,5.590264187028768,1.0,1,17,True,`gtol` termination condition is satisfied.
47,gaussian_small,Configuration to test the Gaussian Pulses with differents shifts and n for Ito integrals up to theta.,GaussianLoss,pulse_opt.integrals.losses,"[1.0, 1.0, 1.0, 1.0, 1.0, 1.0, 1.0, 1.0]",1.0,0.3,2,3.14159265359,15,48,16,0,14,1,1.581042341313164,[-0.27683372 -0.27683372],[-1.40241763e-09  1.40241746e-09],"[array([6.88338275e-15]), array([2.00171772, 0.        ])]","[array([[0.49957094, 0.49957095]]), array([[1., 0.],
       [0., 1.]])]","[48, 0]","[0, 0]","[0, 0]","[array([0.55414295]), array([0., 0.])]",equality_constrained_sqp,[ 4.15683241 -2.1551147 ],1.4024176264726407e-09,6.8833827526759706e-15,23.524855852127075,3.0868406265298516,1.0,1,15,True,`gtol` termination condition is satisfied.
48,gaussian_small,Configuration to test the Gaussian Pulses with differents shifts and n for Ito integrals up to theta.,GaussianLoss,pulse_opt.integrals.losses,"[1.0, 1.0, 1.0, 1.0, 1.0, 1.0, 1.0, 1.0]",1.0,0.3,3,0.78539816339,16,64,16,0,20,1,1.0187648607601179,[0.09356304 0.16938579 0.09356304],[ 1.74468394e-09 -1.48700008e-09  9.47369336e-10],"[array([4.17443857e-14]), array([2.00171772, 0.        , 0.        ])]","[array([[0.49957095, 0.9044193 , 0.49957094]]), array([[1., 0., 0.],
       [0., 1., 0.],
       [0., 0., 1.]])]","[64, 0]","[0, 0]","[0, 0]","[array([-0.18728679]), array([0., 0., 0.])]",equality_constrained_sqp,[-3.46958379 -1.75730752  8.6527172 ],1.7446839389867463e-09,4.1744385725905886e-14,21.11482834815979,16.037259790182418,1.0,1,16,True,`gtol` termination condition is satisfied.
49,gaussian_small,Configuration to test the Gaussian Pulses with differents shifts and n for Ito integrals up to theta.,GaussianLoss,pulse_opt.integrals.losses,"[1.0, 1.0, 1.0, 1.0, 1.0, 1.0, 1.0, 1.0]",1.0,0.3,3,1.57079632679,24,96,24,0,31,1,1.1849610904989083,[0.14079929 0.25490191 0.14079928],[ 1.55519717e-09  1.22376387e-10 -1.77674631e-09],"[array([-8.8817842e-16]), array([2.00171772, 0.        , 0.        ])]","[array([[0.49957094, 0.90441929, 0.49957094]]), array([[1., 0., 0.],
       [0., 1., 0.],
       [0., 0., 1.]])]","[96, 0]","[0, 0]","[0, 0]","[array([-0.28184042]), array([0., 0., 0.])]",equality_constrained_sqp,[-1.36672672 -1.5198363   6.11994411],1.776746305637289e-09,8.881784197001252e-16,40.29123854637146,13.222850436263908,1.0,1,24,True,`gtol` termination condition is satisfied.
50,gaussian_small,Configuration to test the Gaussian Pulses with differents shifts and n for Ito integrals up to theta.,GaussianLoss,pulse_opt.integrals.losses,"[1.0, 1.0, 1.0, 1.0, 1.0, 1.0, 1.0, 1.0]",1.0,0.3,3,2.35619449019,28,116,29,0,32,1,1.7073875690571905,[-0.19698821 -0.35662588 -0.19698821],[-4.30897484e-09  7.30987432e-09 -8.92476404e-09],"[array([3.10862447e-15]), array([2.00171772, 0.        , 0.        ])]","[array([[0.49957094, 0.9044193 , 0.49957094]]), array([[1., 0., 0.],
       [0., 1., 0.],
       [0., 0., 1.]])]","[116, 0]","[0, 0]","[0, 0]","[array([0.39431477]), array([0., 0., 0.])]",equality_constrained_sqp,[ 6.23458761 -0.55850012 -3.22176567],8.924764038908961e-09,3.1086244689504383e-15,71.77645826339722,10.856724750693868,1.0,1,28,True,`gtol` termination condition is satisfied.
51,gaussian_small,Configuration to test the Gaussian Pulses with differents shifts and n for Ito integrals up to theta.,GaussianLoss,pulse_opt.integrals.losses,"[1.0, 1.0, 1.0, 1.0, 1.0, 1.0, 1.0, 1.0]",1.0,0.3,3,3.14159265359,20,80,20,0,26,1,1.5591107018757904,[-0.33007698 -0.59756878 -0.33007699],[ 3.43134388e-09  2.95880320e-10 -3.96700384e-09],"[array([-6.10622664e-15]), array([2.00171772, 0.        , 0.        ])]","[array([[0.49957094, 0.9044193 , 0.49957094]]), array([[1., 0., 0.],
       [0., 1., 0.],
       [0., 0., 1.]])]","[80, 0]","[0, 0]","[0, 0]","[array([0.66072095]), array([0., 0., 0.])]",equality_constrained_sqp,[ 4.89997542 -0.75997115 -1.52241192],3.9670038365358096e-09,6.106226635438361e-15,46.357470989227295,12.114229990766605,1.0,1,20,True,`gtol` termination condition is satisfied.
52,gaussian_small,Configuration to test the Gaussian Pulses with differents shifts and n for Ito integrals up to theta.,GaussianLoss,pulse_opt.integrals.losses,"[1.0, 1.0, 1.0, 1.0, 1.0, 1.0, 1.0, 1.0]",1.0,0.3,4,0.78539816339,42,270,54,0,86,2,0.7682545941677044,[0.05158636 0.0881445  0.08814445 0.0515864 ],[-1.58837015e-08  2.28136584e-08 -2.73582255e-08  2.36489006e-08],"[array([0.]), array([2.00171772, 0.        , 0.        , 0.        ])]","[array([[0.49957093, 0.85360559, 0.85360559, 0.49957094]]), array([[1., 0., 0., 0.],
       [0., 1., 0., 0.],
       [0., 0., 1., 0.],
       [0., 0., 0., 1.]])]","[270, 0]","[0, 0]","[0, 0]","[array([-0.10326137]), array([0., 0., 0., 0.])]",equality_constrained_sqp,[-28.28736261  35.37803104 -38.00382     34.77570667],2.735822546284794e-08,0.0,214.21617197990417,2.8442154317049165e-09,1.0,2,42,True,`xtol` termination condition is satisfied.
53,gaussian_small,Configuration to test the Gaussian Pulses with differents shifts and n for Ito integrals up to theta.,GaussianLoss,pulse_opt.integrals.losses,"[1.0, 1.0, 1.0, 1.0, 1.0, 1.0, 1.0, 1.0]",1.0,0.3,4,1.57079632679,52,310,62,0,97,1,0.8641759949169912,[0.08507031 0.1453579  0.14535777 0.08507042],[-6.23712849e-08  6.76859602e-08 -6.08786348e-08  5.07397617e-08],"[array([0.]), array([2.00171772, 0.        , 0.        , 0.        ])]","[array([[0.49957094, 0.85360559, 0.85360559, 0.49957094]]), array([[1., 0., 0., 0.],
       [0., 1., 0., 0.],
       [0., 0., 1., 0.],
       [0., 0., 0., 1.]])]","[310, 0]","[0, 0]","[0, 0]","[array([-0.17028687]), array([0., 0., 0., 0.])]",equality_constrained_sqp,[-15.74866753  20.51269276 -23.02558544  22.04410826],6.768596019779416e-08,0.0,260.5834047794342,5.489867575950478e-09,1.0,2,52,True,`xtol` termination condition is satisfied.
54,gaussian_small,Configuration to test the Gaussian Pulses with differents shifts and n for Ito integrals up to theta.,GaussianLoss,pulse_opt.integrals.losses,"[1.0, 1.0, 1.0, 1.0, 1.0, 1.0, 1.0, 1.0]",1.0,0.3,4,2.35619449019,41,210,42,0,62,1,1.1326127823003083,[-0.09705707 -0.16583923 -0.16583923 -0.09705707],[ 1.66809541e-09 -1.50716734e-09 -5.47316081e-11  1.00068610e-09],"[array([9.32587341e-13]), array([2.00171772, 0.        , 0.        , 0.        ])]","[array([[0.49957094, 0.85360559, 0.85360559, 0.49957094]]), array([[1., 0., 0., 0.],
       [0., 1., 0., 0.],
       [0., 0., 1., 0.],
       [0., 0., 0., 1.]])]","[210, 0]","[0, 0]","[0, 0]","[array([0.19428086]), array([0., 0., 0., 0.])]",equality_constrained_sqp,[ 25.21209863 -26.0746739   23.99527534 -19.65735953],1.668095411799797e-09,9.325873406851315e-13,224.05577325820923,173.6025305083403,1.0,1,41,True,`gtol` termination condition is satisfied.
55,gaussian_small,Configuration to test the Gaussian Pulses with differents shifts and n for Ito integrals up to theta.,GaussianLoss,pulse_opt.integrals.losses,"[1.0, 1.0, 1.0, 1.0, 1.0, 1.0, 1.0, 1.0]",1.0,0.3,4,3.14159265359,32,160,32,0,53,1,1.0647802613217237,[-0.1385836  -0.23679468 -0.23679468 -0.13858361],[-2.20782531e-10  9.25063443e-10  3.78901882e-10 -2.00727393e-09],"[array([-8.34887715e-14]), array([2.00171772, 0.        , 0.        , 0.        ])]","[array([[0.49957094, 0.85360559, 0.85360559, 0.49957094]]), array([[1., 0., 0., 0.],
       [0., 1., 0., 0.],
       [0., 0., 1., 0.],
       [0., 0., 0., 1.]])]","[160, 0]","[0, 0]","[0, 0]","[array([0.27740526]), array([0., 0., 0., 0.])]",equality_constrained_sqp,[ 17.83780138 -17.7843667   15.65475947 -12.19727185],2.0072739304044518e-09,8.348877145181177e-14,153.88834738731384,172.5858333734603,1.0,1,32,True,`gtol` termination condition is satisfied.
56,gaussian_small,Configuration to test the Gaussian Pulses with differents shifts and n for Ito integrals up to theta.,GaussianLoss,pulse_opt.integrals.losses,"[1.0, 1.0, 1.0, 1.0, 1.0, 1.0, 1.0, 1.0]",1.0,0.3,5,0.78539816339,35,210,35,0,72,4,0.7585896153274561,[0.04529575 0.07176129 0.08200306 0.07176129 0.04529574],"[ 5.57684886e-09 -6.70576947e-09  3.47390469e-09 -1.74869309e-09
  1.52828648e-09]","[array([-4.86721774e-13]), array([2.00171772, 0.        , 0.        , 0.        , 0.        ])]","[array([[0.49957095, 0.79146197, 0.9044193 , 0.79146196, 0.49957094]]), array([[1., 0., 0., 0., 0.],
       [0., 1., 0., 0., 0.],
       [0., 0., 1., 0., 0.],
       [0., 0., 0., 1., 0.],
       [0., 0., 0., 0., 1.]])]","[210, 0]","[0, 0]","[0, 0]","[array([-0.09066929]), array([0., 0., 0., 0., 0.])]",equality_constrained_sqp,[-13.11695721  -8.16227335  47.63399072 -75.9787304   62.18566985],6.705769467485467e-09,4.867217739956686e-13,186.60930919647217,433.5108292435185,1.0,1,35,True,`gtol` termination condition is satisfied.
57,gaussian_small,Configuration to test the Gaussian Pulses with differents shifts and n for Ito integrals up to theta.,GaussianLoss,pulse_opt.integrals.losses,"[1.0, 1.0, 1.0, 1.0, 1.0, 1.0, 1.0, 1.0]",1.0,0.3,5,1.57079632679,67,504,84,0,151,2,0.8411600643450483,[0.07224988 0.11446391 0.13080074 0.1144641  0.07224973],"[ 8.81876507e-08 -2.53603434e-07  2.69185500e-07 -6.16547495e-08
 -7.60606489e-08]","[array([0.]), array([2.00171772, 0.        , 0.        , 0.        , 0.        ])]","[array([[0.49957088, 0.79146194, 0.9044193 , 0.79146195, 0.49957094]]), array([[1., 0., 0., 0., 0.],
       [0., 1., 0., 0., 0.],
       [0., 0., 1., 0., 0.],
       [0., 0., 0., 1., 0.],
       [0., 0., 0., 0., 1.]])]","[504, 0]","[0, 0]","[0, 0]","[array([-0.14462371]), array([0., 0., 0., 0., 0.])]",equality_constrained_sqp,[ -1.00840903 -16.49126351  41.6684374  -57.46913641  44.74815066],2.691855004177679e-07,0.0,531.672304391861,8.281107811308716e-09,1.0,2,67,True,`xtol` termination condition is satisfied.
58,gaussian_small,Configuration to test the Gaussian Pulses with differents shifts and n for Ito integrals up to theta.,GaussianLoss,pulse_opt.integrals.losses,"[1.0, 1.0, 1.0, 1.0, 1.0, 1.0, 1.0, 1.0]",1.0,0.3,5,2.35619449019,84,576,96,0,186,2,1.1215505354958624,[-0.10526864 -0.16677535 -0.19057748 -0.16677527 -0.10526859],"[-2.25567939e-08 -2.78052943e-08 -1.41324994e-08  4.57476063e-08
  1.97164522e-08]","[array([0.]), array([2.00171772, 0.        , 0.        , 0.        , 0.        ])]","[array([[0.49957094, 0.79146196, 0.90441929, 0.79146196, 0.49957094]]), array([[1., 0., 0., 0., 0.],
       [0., 1., 0., 0., 0.],
       [0., 0., 1., 0., 0.],
       [0., 0., 0., 1., 0.],
       [0., 0., 0., 0., 1.]])]","[576, 0]","[0, 0]","[0, 0]","[array([0.21071805]), array([0., 0., 0., 0., 0.])]",equality_constrained_sqp,[ 38.23030492 -40.38396606  18.23289461   6.53326144 -15.60816616],4.5747606258750295e-08,0.0,931.302193403244,5.708536893861209e-09,1.0,2,84,True,`xtol` termination condition is satisfied.
59,gaussian_small,Configuration to test the Gaussian Pulses with differents shifts and n for Ito integrals up to theta.,GaussianLoss,pulse_opt.integrals.losses,"[1.0, 1.0, 1.0, 1.0, 1.0, 1.0, 1.0, 1.0]",1.0,0.3,5,3.14159265359,67,474,79,0,158,2,1.0443402605078607,[-0.16755467 -0.26545478 -0.30334045 -0.26545479 -0.16755511],"[ 4.03306491e-07 -6.73634813e-08 -7.36132217e-08 -7.68122345e-08
 -4.16224997e-08]","[array([-1.77635684e-15]), array([2.00171772, 0.        , 0.        , 0.        , 0.        ])]","[array([[0.49957094, 0.79146195, 0.9044193 , 0.79146195, 0.49957094]]), array([[1., 0., 0., 0., 0.],
       [0., 1., 0., 0., 0.],
       [0., 0., 1., 0., 0.],
       [0., 0., 0., 1., 0.],
       [0., 0., 0., 0., 1.]])]","[474, 0]","[0, 0]","[0, 0]","[array([0.33539795]), array([0., 0., 0., 0., 0.])]",equality_constrained_sqp,[ 31.71695657 -36.81249409  22.69419     -4.67588563  -5.07126989],4.033064909536588e-07,1.7763568394002505e-15,749.4132945537567,5.272703982855715e-09,1.0,2,67,True,`xtol` termination condition is satisfied.
60,gaussian_small,Configuration to test the Gaussian Pulses with differents shifts and n for Ito integrals up to theta.,GaussianLoss,pulse_opt.integrals.losses,"[1.0, 1.0, 1.0, 1.0, 1.0, 1.0, 1.0, 1.0]",1.0,0.4,1,0.78539816339,1,2,1,0,0,0,2.7170360706317433,[0.46785365],[0.],"[array([0.]), array([1.26790849])]","[array([[0.78870046]]), array([[1.]])]","[2, 0]","[0, 0]","[0, 0]","[array([-0.59319562]), array([0.])]",equality_constrained_sqp,[1.26790849],0.0,0.0,0.0028045177459716797,1.0,1.0,1,1,True,`gtol` termination condition is satisfied.
61,gaussian_small,Configuration to test the Gaussian Pulses with differents shifts and n for Ito integrals up to theta.,GaussianLoss,pulse_opt.integrals.losses,"[1.0, 1.0, 1.0, 1.0, 1.0, 1.0, 1.0, 1.0]",1.0,0.4,1,1.57079632679,1,2,1,0,0,0,3.1391280940644513,[0.40654888],[0.],"[array([0.]), array([1.26790849])]","[array([[0.78870046]]), array([[1.]])]","[2, 0]","[0, 0]","[0, 0]","[array([-0.51546678]), array([0.])]",equality_constrained_sqp,[1.26790849],0.0,0.0,0.0033452510833740234,1.0,1.0,1,1,True,`gtol` termination condition is satisfied.
62,gaussian_small,Configuration to test the Gaussian Pulses with differents shifts and n for Ito integrals up to theta.,GaussianLoss,pulse_opt.integrals.losses,"[1.0, 1.0, 1.0, 1.0, 1.0, 1.0, 1.0, 1.0]",1.0,0.4,1,2.35619449019,1,2,1,0,0,0,3.27655364598368,[0.09672247],[0.],"[array([0.]), array([1.26790849])]","[array([[0.78870046]]), array([[1.]])]","[2, 0]","[0, 0]","[0, 0]","[array([-0.12263525]), array([0.])]",equality_constrained_sqp,[1.26790849],0.0,0.0,0.004148721694946289,1.0,1.0,1,1,True,`gtol` termination condition is satisfied.
63,gaussian_small,Configuration to test the Gaussian Pulses with differents shifts and n for Ito integrals up to theta.,GaussianLoss,pulse_opt.integrals.losses,"[1.0, 1.0, 1.0, 1.0, 1.0, 1.0, 1.0, 1.0]",1.0,0.4,1,3.14159265359,1,2,1,0,0,0,3.243736504772882,[-0.34353273],[0.],"[array([0.]), array([1.26790849])]","[array([[0.78870046]]), array([[1.]])]","[2, 0]","[0, 0]","[0, 0]","[array([0.43556806]), array([0.])]",equality_constrained_sqp,[1.26790849],0.0,0.0,0.0021469593048095703,1.0,1.0,1,1,True,`gtol` termination condition is satisfied.
64,gaussian_small,Configuration to test the Gaussian Pulses with differents shifts and n for Ito integrals up to theta.,GaussianLoss,pulse_opt.integrals.losses,"[1.0, 1.0, 1.0, 1.0, 1.0, 1.0, 1.0, 1.0]",1.0,0.4,2,0.78539816339,12,36,12,0,11,1,1.0477088156083072,[0.11152645 0.11152644],[ 3.13165634e-09 -3.13165630e-09],"[array([-6.70574707e-14]), array([2.02515102, 0.        ])]","[array([[0.49379033, 0.49379034]]), array([[1., 0.],
       [0., 1.]])]","[36, 0]","[0, 0]","[0, 0]","[array([-0.22585789]), array([0., 0.])]",equality_constrained_sqp,[-7.30839425  9.33354527],3.131656337029831e-09,6.705747068735946e-14,5.652630090713501,27.87035420012826,1.0,1,12,True,`gtol` termination condition is satisfied.
65,gaussian_small,Configuration to test the Gaussian Pulses with differents shifts and n for Ito integrals up to theta.,GaussianLoss,pulse_opt.integrals.losses,"[1.0, 1.0, 1.0, 1.0, 1.0, 1.0, 1.0, 1.0]",1.0,0.4,2,1.57079632679,20,63,21,0,19,1,1.254146769865286,[0.17665779 0.17665778],[ 3.59131175e-09 -3.59131183e-09],"[array([-3.22408766e-13]), array([2.02515102, 0.        ])]","[array([[0.49379034, 0.49379033]]), array([[1., 0.],
       [0., 1.]])]","[63, 0]","[0, 0]","[0, 0]","[array([-0.35775869]), array([0., 0.])]",equality_constrained_sqp,[-4.06428773  6.08943875],3.591311831252497e-09,3.2240876635114546e-13,23.979182958602905,2.4280884605444335,1.0,1,20,True,`gtol` termination condition is satisfied.
66,gaussian_small,Configuration to test the Gaussian Pulses with differents shifts and n for Ito integrals up to theta.,GaussianLoss,pulse_opt.integrals.losses,"[1.0, 1.0, 1.0, 1.0, 1.0, 1.0, 1.0, 1.0]",1.0,0.4,2,2.35619449019,32,102,34,0,31,1,1.4014382855813028,[0.17382083 0.17382083],[-1.40346831e-09  1.40346829e-09],"[array([-9.54791801e-15]), array([2.02515102, 0.        ])]","[array([[0.49379033, 0.49379034]]), array([[1., 0.],
       [0., 1.]])]","[102, 0]","[0, 0]","[0, 0]","[array([-0.35201343]), array([0., 0.])]",equality_constrained_sqp,[-2.92688019  4.95203121],1.4034683137875703e-09,9.547918011776346e-15,20.07613468170166,3.400116647993245,1.0,1,32,True,`gtol` termination condition is satisfied.
67,gaussian_small,Configuration to test the Gaussian Pulses with differents shifts and n for Ito integrals up to theta.,GaussianLoss,pulse_opt.integrals.losses,"[1.0, 1.0, 1.0, 1.0, 1.0, 1.0, 1.0, 1.0]",1.0,0.4,2,3.14159265359,18,57,19,0,17,1,1.6173561543465276,[-0.24341815 -0.24341813],[-9.16527132e-09  9.16527121e-09],"[array([6.66133815e-16]), array([2.02515102, 0.        ])]","[array([[0.49379034, 0.49379034]]), array([[1., 0.],
       [0., 1.]])]","[57, 0]","[0, 0]","[0, 0]","[array([0.49295849]), array([0., 0.])]",equality_constrained_sqp,[ 5.31193439 -3.28678337],9.165271319666601e-09,6.661338147750939e-16,20.685697317123413,2.355369463858745,1.0,1,18,True,`gtol` termination condition is satisfied.
68,gaussian_small,Configuration to test the Gaussian Pulses with differents shifts and n for Ito integrals up to theta.,GaussianLoss,pulse_opt.integrals.losses,"[1.0, 1.0, 1.0, 1.0, 1.0, 1.0, 1.0, 1.0]",1.0,0.4,3,0.78539816339,18,72,18,0,23,1,1.0257427636059742,[0.09376055 0.14975787 0.09376055],[-2.21608060e-09  1.64613270e-09 -4.13184237e-10],"[array([-1.15711885e-11]), array([2.02515102, 0.        , 0.        ])]","[array([[0.49379035, 0.78870045, 0.49379034]]), array([[1., 0., 0.],
       [0., 1., 0.],
       [0., 0., 1.]])]","[72, 0]","[0, 0]","[0, 0]","[array([-0.18987928]), array([0., 0., 0.])]",equality_constrained_sqp,[-2.9284705  -5.53607347 13.79604582],2.2160805968063357e-09,1.1571188451853232e-11,17.223615169525146,59.911968764754924,1.0,1,18,True,`gtol` termination condition is satisfied.
69,gaussian_small,Configuration to test the Gaussian Pulses with differents shifts and n for Ito integrals up to theta.,GaussianLoss,pulse_opt.integrals.losses,"[1.0, 1.0, 1.0, 1.0, 1.0, 1.0, 1.0, 1.0]",1.0,0.4,3,1.57079632679,26,104,26,0,31,1,1.1949681771684064,[0.14261696 0.22779315 0.14261695],[ 6.83695706e-09 -1.02038797e-09 -5.20715521e-09],"[array([1.74260606e-12]), array([2.02515102, 0.        , 0.        ])]","[array([[0.49379033, 0.78870045, 0.49379034]]), array([[1., 0., 0.],
       [0., 1., 0.],
       [0., 0., 1.]])]","[104, 0]","[0, 0]","[0, 0]","[array([-0.28882087]), array([0., 0., 0.])]",equality_constrained_sqp,[-0.25141373 -4.8852134  10.07941093],6.8369570560555815e-09,1.7426060594516457e-12,36.205283641815186,22.43399708523672,1.0,1,26,True,`gtol` termination condition is satisfied.
70,gaussian_small,Configuration to test the Gaussian Pulses with differents shifts and n for Ito integrals up to theta.,GaussianLoss,pulse_opt.integrals.losses,"[1.0, 1.0, 1.0, 1.0, 1.0, 1.0, 1.0, 1.0]",1.0,0.4,3,2.35619449019,22,88,22,0,27,1,1.313935747343732,[0.14125291 0.22561441 0.14125289],[ 5.54841700e-09 -4.61370495e-09  1.82076548e-09],"[array([9.32587341e-14]), array([2.02515102, 0.        , 0.        ])]","[array([[0.49379036, 0.78870045, 0.49379033]]), array([[1., 0., 0.],
       [0., 1., 0.],
       [0., 0., 1.]])]","[88, 0]","[0, 0]","[0, 0]","[array([-0.28605844]), array([0., 0., 0.])]",equality_constrained_sqp,[ 0.37603277 -4.29800521  8.51405347],5.5484170036201874e-09,9.325873406851315e-14,43.37527012825012,39.60304039349903,1.0,1,22,True,`gtol` termination condition is satisfied.
71,gaussian_small,Configuration to test the Gaussian Pulses with differents shifts and n for Ito integrals up to theta.,GaussianLoss,pulse_opt.integrals.losses,"[1.0, 1.0, 1.0, 1.0, 1.0, 1.0, 1.0, 1.0]",1.0,0.4,3,3.14159265359,29,116,29,0,34,1,1.5802529341194886,[-0.32632568 -0.52121961 -0.32632567],[-8.35433206e-09 -3.74072995e-10  8.95181518e-09],"[array([2.35367281e-14]), array([2.02515102, 0.        , 0.        ])]","[array([[0.49379033, 0.78870045, 0.49379034]]), array([[1., 0., 0.],
       [0., 1., 0.],
       [0., 0., 1.]])]","[116, 0]","[0, 0]","[0, 0]","[array([0.66085878]), array([0., 0., 0.])]",equality_constrained_sqp,[ 7.62845731 -2.74992744 -1.21101899],8.951815178015465e-09,2.353672812205332e-14,60.45909094810486,25.53344386910365,1.0,1,29,True,`gtol` termination condition is satisfied.
72,gaussian_small,Configuration to test the Gaussian Pulses with differents shifts and n for Ito integrals up to theta.,GaussianLoss,pulse_opt.integrals.losses,"[1.0, 1.0, 1.0, 1.0, 1.0, 1.0, 1.0, 1.0]",1.0,0.4,4,0.78539816339,29,145,29,0,50,1,0.7502977633082825,[0.04778534 0.07256791 0.07256791 0.04778534],[ 9.38634961e-10 -3.83534732e-10 -4.08552914e-11 -2.94146679e-10],"[array([1.73301373e-11]), array([2.02515102, 0.        , 0.        , 0.        ])]","[array([[0.49379033, 0.74988126, 0.74988127, 0.49379033]]), array([[1., 0., 0., 0.],
       [0., 1., 0., 0.],
       [0., 0., 1., 0.],
       [0., 0., 0., 1.]])]","[145, 0]","[0, 0]","[0, 0]","[array([-0.09677254]), array([0., 0., 0., 0.])]",equality_constrained_sqp,[-104.07411142  180.14519204 -187.9705348   117.98300646],9.386349614226575e-10,1.7330137325188844e-11,83.83393287658691,535.0430996423761,1.0,1,29,True,`gtol` termination condition is satisfied.
73,gaussian_small,Configuration to test the Gaussian Pulses with differents shifts and n for Ito integrals up to theta.,GaussianLoss,pulse_opt.integrals.losses,"[1.0, 1.0, 1.0, 1.0, 1.0, 1.0, 1.0, 1.0]",1.0,0.4,4,1.57079632679,56,315,63,0,98,2,0.8409081875036811,[0.08021421 0.12181514 0.12181512 0.08021419],[ 2.81930024e-09  1.64067830e-08 -5.38025959e-09 -1.95644302e-08],"[array([-7.10542736e-15]), array([2.02515102, 0.        , 0.        , 0.        ])]","[array([[0.49379033, 0.74988126, 0.74988126, 0.49379034]]), array([[1., 0., 0., 0.],
       [0., 1., 0., 0.],
       [0., 0., 1., 0.],
       [0., 0., 0., 1.]])]","[315, 0]","[0, 0]","[0, 0]","[array([-0.16244588]), array([0., 0., 0., 0.])]",equality_constrained_sqp,[ -59.6581902   105.91512713 -113.47691609   73.16684643],1.9564430173146796e-08,7.105427357601002e-15,276.5431354045868,8.463439345649005e-09,1.0,2,56,True,`xtol` termination condition is satisfied.
74,gaussian_small,Configuration to test the Gaussian Pulses with differents shifts and n for Ito integrals up to theta.,GaussianLoss,pulse_opt.integrals.losses,"[1.0, 1.0, 1.0, 1.0, 1.0, 1.0, 1.0, 1.0]",1.0,0.4,4,2.35619449019,50,305,61,0,94,2,0.9106149295105831,[0.08676746 0.13176699 0.13176689 0.08676735],[ 6.78555969e-08  3.87003000e-08 -5.37518208e-08 -4.49980133e-08],"[array([0.]), array([2.02515102, 0.        , 0.        , 0.        ])]","[array([[0.49379033, 0.74988127, 0.74988126, 0.49379033]]), array([[1., 0., 0., 0.],
       [0., 1., 0., 0.],
       [0., 0., 1., 0.],
       [0., 0., 0., 1.]])]","[305, 0]","[0, 0]","[0, 0]","[array([-0.17571708]), array([0., 0., 0., 0.])]",equality_constrained_sqp,[-43.74291584  79.05092603 -86.35328178  56.85759088],6.785559689137521e-08,0.0,298.2073655128479,2.7811877598480303e-09,1.0,2,50,True,`xtol` termination condition is satisfied.
75,gaussian_small,Configuration to test the Gaussian Pulses with differents shifts and n for Ito integrals up to theta.,GaussianLoss,pulse_opt.integrals.losses,"[1.0, 1.0, 1.0, 1.0, 1.0, 1.0, 1.0, 1.0]",1.0,0.4,4,3.14159265359,48,250,50,0,75,4,1.0317803768622078,[-0.12293277 -0.18668851 -0.18668852 -0.12293277],[ 5.83713711e-09  2.41566775e-09 -6.26123048e-09  2.82192325e-12],"[array([7.10542736e-15]), array([2.02515102, 0.        , 0.        , 0.        ])]","[array([[0.49379034, 0.74988127, 0.74988127, 0.49379033]]), array([[1., 0., 0., 0.],
       [0., 1., 0., 0.],
       [0., 0., 1., 0.],
       [0., 0., 0., 1.]])]","[250, 0]","[0, 0]","[0, 0]","[array([0.24895742]), array([0., 0., 0., 0.])]",equality_constrained_sqp,[ 58.5182242  -88.90181719  82.24734531 -46.38744038],6.2612304785325534e-09,7.105427357601002e-15,248.53923535346985,36.61638158515696,1.0,1,48,True,`gtol` termination condition is satisfied.
76,gaussian_small,Configuration to test the Gaussian Pulses with differents shifts and n for Ito integrals up to theta.,GaussianLoss,pulse_opt.integrals.losses,"[1.0, 1.0, 1.0, 1.0, 1.0, 1.0, 1.0, 1.0]",1.0,0.4,5,0.78539816339,81,564,94,0,177,2,0.7423930512486042,[0.04202897 0.05988858 0.06713038 0.05988855 0.04202903],"[-6.68926433e-08  2.79314797e-08  2.90515739e-08 -7.61284524e-09
 -8.46230120e-09]","[array([0.]), array([2.02515102, 0.        , 0.        , 0.        , 0.        ])]","[array([[0.49379041, 0.70361811, 0.78870045, 0.70361811, 0.49379033]]), array([[1., 0., 0., 0., 0.],
       [0., 1., 0., 0., 0.],
       [0., 0., 1., 0., 0.],
       [0., 0., 0., 1., 0.],
       [0., 0., 0., 0., 1.]])]","[564, 0]","[0, 0]","[0, 0]","[array([-0.08511514]), array([0., 0., 0., 0., 0.])]",equality_constrained_sqp,[   6.75512726 -170.2391746   417.46461629 -491.82669146  271.87932817],6.68926433342043e-08,0.0,519.5507159233093,4.0114484787803475e-09,1.0,2,81,True,`xtol` termination condition is satisfied.
77,gaussian_small,Configuration to test the Gaussian Pulses with differents shifts and n for Ito integrals up to theta.,GaussianLoss,pulse_opt.integrals.losses,"[1.0, 1.0, 1.0, 1.0, 1.0, 1.0, 1.0, 1.0]",1.0,0.4,5,1.57079632679,77,582,97,0,168,4,0.8196744754516533,[0.06755541 0.09626034 0.10790324 0.09626139 0.06755545],"[ 1.15709244e-07 -1.40865195e-06  1.40081608e-06 -3.60149634e-07
  1.67278329e-07]","[array([0.]), array([2.02515102, 0.        , 0.        , 0.        , 0.        ])]","[array([[0.49379035, 0.7036181 , 0.78870046, 0.70361812, 0.49379033]]), array([[1., 0., 0., 0., 0.],
       [0., 1., 0., 0., 0.],
       [0., 0., 1., 0., 0.],
       [0., 0., 0., 1., 0.],
       [0., 0., 0., 0., 1.]])]","[582, 0]","[0, 0]","[0, 0]","[array([-0.13680966]), array([0., 0., 0., 0., 0.])]",equality_constrained_sqp,[  46.3935235  -202.98367569  378.45316994 -397.96404778  207.4622239 ],1.4086519522366059e-06,0.0,654.4345536231995,3.3690989272057205e-09,1.0,2,77,True,`xtol` termination condition is satisfied.
78,gaussian_small,Configuration to test the Gaussian Pulses with differents shifts and n for Ito integrals up to theta.,GaussianLoss,pulse_opt.integrals.losses,"[1.0, 1.0, 1.0, 1.0, 1.0, 1.0, 1.0, 1.0]",1.0,0.4,5,2.35619449019,68,528,88,0,156,2,0.8777449741504163,[0.07260686 0.10345922 0.11597105 0.10345854 0.07260766],"[ 1.30535184e-07 -5.04646242e-07  8.49625944e-07 -1.19043086e-06
  9.27781564e-07]","[array([-1.42108547e-14]), array([2.02515102, 0.        , 0.        , 0.        , 0.        ])]","[array([[0.49379031, 0.70361811, 0.78870045, 0.70361811, 0.49379033]]), array([[1., 0., 0., 0., 0.],
       [0., 1., 0., 0., 0.],
       [0., 0., 1., 0., 0.],
       [0., 0., 0., 1., 0.],
       [0., 0., 0., 0., 1.]])]","[528, 0]","[0, 0]","[0, 0]","[array([-0.1470396]), array([0., 0., 0., 0., 0.])]",equality_constrained_sqp,[  48.65422385 -185.65994761  327.75707173 -335.91930824  173.08049081],1.190430862968439e-06,1.4210854715202004e-14,686.0027701854706,5.597401034484971e-09,1.0,2,68,True,`xtol` termination condition is satisfied.
79,gaussian_small,Configuration to test the Gaussian Pulses with differents shifts and n for Ito integrals up to theta.,GaussianLoss,pulse_opt.integrals.losses,"[1.0, 1.0, 1.0, 1.0, 1.0, 1.0, 1.0, 1.0]",1.0,0.4,5,3.14159265359,66,402,67,0,125,4,1.0130947176890759,[-0.1525682  -0.21739944 -0.24368765 -0.21739945 -0.1525682 ],"[-1.65272049e-09  4.43352433e-09  1.61739577e-09 -5.74250800e-09
  9.34568894e-10]","[array([-1.19459997e-13]), array([2.02515102, 0.        , 0.        , 0.        , 0.        ])]","[array([[0.49379033, 0.70361811, 0.78870045, 0.70361811, 0.49379033]]), array([[1., 0., 0., 0., 0.],
       [0., 1., 0., 0., 0.],
       [0., 0., 1., 0., 0.],
       [0., 0., 0., 1., 0.],
       [0., 0., 0., 0., 1.]])]","[402, 0]","[0, 0]","[0, 0]","[array([0.30897364]), array([0., 0., 0., 0., 0.])]",equality_constrained_sqp,[ 135.17567183 -239.04734965  201.22442712  -84.27094143    6.15315334],5.742507996897572e-09,1.1945999744966684e-13,497.63695430755615,1117.9772441481964,1.0,1,66,True,`gtol` termination condition is satisfied.
80,gaussian_small,Configuration to test the Gaussian Pulses with differents shifts and n for Ito integrals up to theta.,GaussianLoss,pulse_opt.integrals.losses,"[1.0, 1.0, 1.0, 1.0, 1.0, 1.0, 1.0, 1.0]",1.0,0.5,1,0.78539816339,1,2,1,0,0,0,2.7191323283447533,[0.40881848],[0.],"[array([-1.11022302e-16]), array([1.46479477])]","[array([[0.6826895]]), array([[1.]])]","[2, 0]","[0, 0]","[0, 0]","[array([-0.59883517]), array([0.])]",equality_constrained_sqp,[1.46479477],0.0,1.1102230246251565e-16,0.002593994140625,1.0,1.0,1,1,True,`gtol` termination condition is satisfied.
81,gaussian_small,Configuration to test the Gaussian Pulses with differents shifts and n for Ito integrals up to theta.,GaussianLoss,pulse_opt.integrals.losses,"[1.0, 1.0, 1.0, 1.0, 1.0, 1.0, 1.0, 1.0]",1.0,0.5,1,1.57079632679,1,2,1,0,0,0,3.150288431802798,[0.36719795],[0.],"[array([-1.11022302e-16]), array([1.46479477])]","[array([[0.6826895]]), array([[1.]])]","[2, 0]","[0, 0]","[0, 0]","[array([-0.53786963]), array([0.])]",equality_constrained_sqp,[1.46479477],0.0,1.1102230246251565e-16,0.0028128623962402344,1.0,1.0,1,1,True,`gtol` termination condition is satisfied.
82,gaussian_small,Configuration to test the Gaussian Pulses with differents shifts and n for Ito integrals up to theta.,GaussianLoss,pulse_opt.integrals.losses,"[1.0, 1.0, 1.0, 1.0, 1.0, 1.0, 1.0, 1.0]",1.0,0.5,1,2.35619449019,1,2,1,0,0,0,3.298271368217981,[0.10260461],[0.],"[array([-1.11022302e-16]), array([1.46479477])]","[array([[0.6826895]]), array([[1.]])]","[2, 0]","[0, 0]","[0, 0]","[array([-0.15029469]), array([0.])]",equality_constrained_sqp,[1.46479477],0.0,1.1102230246251565e-16,0.003652334213256836,1.0,1.0,1,1,True,`gtol` termination condition is satisfied.
83,gaussian_small,Configuration to test the Gaussian Pulses with differents shifts and n for Ito integrals up to theta.,GaussianLoss,pulse_opt.integrals.losses,"[1.0, 1.0, 1.0, 1.0, 1.0, 1.0, 1.0, 1.0]",1.0,0.5,1,3.14159265359,1,2,1,0,0,0,3.2742695689462447,[-0.27093706],[0.],"[array([-1.11022302e-16]), array([1.46479477])]","[array([[0.6826895]]), array([[1.]])]","[2, 0]","[0, 0]","[0, 0]","[array([0.39686718]), array([0.])]",equality_constrained_sqp,[1.46479477],0.0,1.1102230246251565e-16,0.0026531219482421875,1.0,1.0,1,1,True,`gtol` termination condition is satisfied.
84,gaussian_small,Configuration to test the Gaussian Pulses with differents shifts and n for Ito integrals up to theta.,GaussianLoss,pulse_opt.integrals.losses,"[1.0, 1.0, 1.0, 1.0, 1.0, 1.0, 1.0, 1.0]",1.0,0.5,2,0.78539816339,13,39,13,0,12,1,1.0423598539400243,[0.10911849 0.1091185 ],[-2.03430825e-09  2.03430829e-09],"[array([0.]), array([2.09533845, 0.        ])]","[array([[0.47724987, 0.47724987]]), array([[1., 0.],
       [0., 1.]])]","[39, 0]","[0, 0]","[0, 0]","[array([-0.22864018]), array([0., 0.])]",equality_constrained_sqp,[-10.86716729  12.96250574],2.0343082912654964e-09,0.0,6.553129196166992,19.518001153347257,1.0,1,13,True,`gtol` termination condition is satisfied.
85,gaussian_small,Configuration to test the Gaussian Pulses with differents shifts and n for Ito integrals up to theta.,GaussianLoss,pulse_opt.integrals.losses,"[1.0, 1.0, 1.0, 1.0, 1.0, 1.0, 1.0, 1.0]",1.0,0.5,2,1.57079632679,18,54,18,0,17,1,1.2533400106876322,[0.17625283 0.17625283],[ 7.27969351e-10 -7.27969379e-10],"[array([-8.8817842e-15]), array([2.09533845, 0.        ])]","[array([[0.47724987, 0.47724987]]), array([[1., 0.],
       [0., 1.]])]","[54, 0]","[0, 0]","[0, 0]","[array([-0.36930933]), array([0., 0.])]",equality_constrained_sqp,[-6.2153297   8.31066815],7.279693792217046e-10,8.881784197001252e-15,7.2258219718933105,10.657815190379218,1.0,1,18,True,`gtol` termination condition is satisfied.
86,gaussian_small,Configuration to test the Gaussian Pulses with differents shifts and n for Ito integrals up to theta.,GaussianLoss,pulse_opt.integrals.losses,"[1.0, 1.0, 1.0, 1.0, 1.0, 1.0, 1.0, 1.0]",1.0,0.5,2,2.35619449019,24,75,25,0,23,1,1.4067682889765716,[0.17686163 0.17686162],[ 2.94185143e-09 -2.94185143e-09],"[array([7.10542736e-15]), array([2.09533845, 0.        ])]","[array([[0.47724987, 0.47724987]]), array([[1., 0.],
       [0., 1.]])]","[75, 0]","[0, 0]","[0, 0]","[array([-0.37058497]), array([0., 0.])]",equality_constrained_sqp,[-4.57860877  6.67394722],2.9418514291279507e-09,7.105427357601002e-15,13.530420541763306,4.781866971659532,1.0,1,24,True,`gtol` termination condition is satisfied.
87,gaussian_small,Configuration to test the Gaussian Pulses with differents shifts and n for Ito integrals up to theta.,GaussianLoss,pulse_opt.integrals.losses,"[1.0, 1.0, 1.0, 1.0, 1.0, 1.0, 1.0, 1.0]",1.0,0.5,2,3.14159265359,25,75,25,0,24,1,1.6172998559063192,[-0.21277101 -0.212771  ],[-5.08142101e-09  5.08142095e-09],"[array([1.83408844e-13]), array([2.09533845, 0.        ])]","[array([[0.47724987, 0.47724987]]), array([[1., 0.],
       [0., 1.]])]","[75, 0]","[0, 0]","[0, 0]","[array([0.44582727]), array([0., 0.])]",equality_constrained_sqp,[ 7.18252304 -5.08718458],5.081421006192244e-09,1.8340884366807586e-13,19.32908320426941,8.165976502571326,1.0,1,25,True,`gtol` termination condition is satisfied.
88,gaussian_small,Configuration to test the Gaussian Pulses with differents shifts and n for Ito integrals up to theta.,GaussianLoss,pulse_opt.integrals.losses,"[1.0, 1.0, 1.0, 1.0, 1.0, 1.0, 1.0, 1.0]",1.0,0.5,3,0.78539816339,29,124,31,0,37,1,1.0171736025309435,[0.08926591 0.1276918  0.08926591],[ 7.30191520e-09 -4.58885438e-09 -7.37717054e-10],"[array([-1.42108547e-14]), array([2.09533845, 0.        , 0.        ])]","[array([[0.47724986, 0.68268949, 0.47724987]]), array([[1., 0., 0.],
       [0., 1., 0.],
       [0., 0., 1.]])]","[124, 0]","[0, 0]","[0, 0]","[array([-0.18704229]), array([0., 0., 0.])]",equality_constrained_sqp,[ -0.49914641 -14.58536162  23.45834211],7.301915197488462e-09,1.4210854715202004e-14,34.605255365371704,87.26489538501217,1.0,1,29,True,`gtol` termination condition is satisfied.
89,gaussian_small,Configuration to test the Gaussian Pulses with differents shifts and n for Ito integrals up to theta.,GaussianLoss,pulse_opt.integrals.losses,"[1.0, 1.0, 1.0, 1.0, 1.0, 1.0, 1.0, 1.0]",1.0,0.5,3,1.57079632679,32,128,32,0,37,1,1.1844816504831588,[0.13696924 0.19592976 0.13696923],[ 7.15602996e-09 -1.71484499e-09 -4.70300324e-09],"[array([-2.15187868e-11]), array([2.09533845, 0.        , 0.        ])]","[array([[0.47724987, 0.68268949, 0.47724987]]), array([[1., 0., 0.],
       [0., 1., 0.],
       [0., 0., 1.]])]","[128, 0]","[0, 0]","[0, 0]","[array([-0.28699689]), array([0., 0., 0.])]",equality_constrained_sqp,[  2.94183741 -12.99809972  17.74683483],7.156029963040211e-09,2.1518786752494634e-11,30.02785611152649,96.81038325472335,1.0,1,32,True,`gtol` termination condition is satisfied.
90,gaussian_small,Configuration to test the Gaussian Pulses with differents shifts and n for Ito integrals up to theta.,GaussianLoss,pulse_opt.integrals.losses,"[1.0, 1.0, 1.0, 1.0, 1.0, 1.0, 1.0, 1.0]",1.0,0.5,3,2.35619449019,39,156,39,0,45,1,1.3034236227790967,[0.13757183 0.19679176 0.13757183],[-1.18616270e-09 -2.64259059e-10  1.56417615e-09],"[array([-1.95399252e-14]), array([2.09533845, 0.        , 0.        ])]","[array([[0.47724987, 0.68268949, 0.47724987]]), array([[1., 0., 0.],
       [0., 1., 0.],
       [0., 0., 1.]])]","[156, 0]","[0, 0]","[0, 0]","[array([-0.28825954]), array([0., 0., 0.])]",equality_constrained_sqp,[  3.48216176 -11.56062253  15.15024888],1.5641761497153794e-09,1.9539925233402755e-14,41.239229917526245,53.29263758278589,1.0,1,39,True,`gtol` termination condition is satisfied.
91,gaussian_small,Configuration to test the Gaussian Pulses with differents shifts and n for Ito integrals up to theta.,GaussianLoss,pulse_opt.integrals.losses,"[1.0, 1.0, 1.0, 1.0, 1.0, 1.0, 1.0, 1.0]",1.0,0.5,3,3.14159265359,51,204,51,0,61,1,1.5698071628429087,[-0.31009627 -0.44358202 -0.31009626],[-4.10158757e-09  3.70254055e-09 -1.19476889e-09],"[array([-1.76525461e-14]), array([2.09533845, 0.        , 0.        ])]","[array([[0.47724987, 0.68268949, 0.47724987]]), array([[1., 0., 0.],
       [0., 1., 0.],
       [0., 0., 1.]])]","[204, 0]","[0, 0]","[0, 0]","[array([0.64975662]), array([0., 0., 0.])]",equality_constrained_sqp,[12.93808941 -7.75997473  0.25762551],4.1015875695826765e-09,1.765254609153999e-14,94.06513166427612,42.70734994725747,1.0,1,51,True,`gtol` termination condition is satisfied.
92,gaussian_small,Configuration to test the Gaussian Pulses with differents shifts and n for Ito integrals up to theta.,GaussianLoss,pulse_opt.integrals.losses,"[1.0, 1.0, 1.0, 1.0, 1.0, 1.0, 1.0, 1.0]",1.0,0.5,4,0.78539816339,54,325,65,0,103,2,0.7399978946732425,[0.04436929 0.06101514 0.06101501 0.04436936],[-4.58561527e-08  7.24760403e-08 -5.56691088e-08  2.27438859e-08],"[array([0.]), array([2.09533845, 0.        , 0.        , 0.        ])]","[array([[0.47724987, 0.65629625, 0.65629624, 0.47724987]]), array([[1., 0., 0., 0.],
       [0., 1., 0., 0.],
       [0., 0., 1., 0.],
       [0., 0., 0., 1.]])]","[325, 0]","[0, 0]","[0, 0]","[array([-0.09296878]), array([0., 0., 0., 0.])]",equality_constrained_sqp,[-343.3398236   709.58014494 -729.54167357  372.88551273],7.247604028037813e-08,0.0,229.8239667415619,5.601210806119351e-09,1.0,2,54,True,`xtol` termination condition is satisfied.
93,gaussian_small,Configuration to test the Gaussian Pulses with differents shifts and n for Ito integrals up to theta.,GaussianLoss,pulse_opt.integrals.losses,"[1.0, 1.0, 1.0, 1.0, 1.0, 1.0, 1.0, 1.0]",1.0,0.5,4,1.57079632679,49,245,49,0,74,1,0.8271028087642096,[0.0750873  0.10325726 0.10325727 0.0750873 ],[ 1.50369540e-09 -2.19016055e-10  4.51835749e-10 -1.82386033e-09],"[array([3.34054562e-10]), array([2.09533845, 0.        , 0.        , 0.        ])]","[array([[0.47724986, 0.65629624, 0.65629625, 0.47724987]]), array([[1., 0., 0., 0.],
       [0., 1., 0., 0.],
       [0., 0., 1., 0.],
       [0., 0., 0., 1.]])]","[245, 0]","[0, 0]","[0, 0]","[array([-0.15733332]), array([0., 0., 0., 0.])]",equality_constrained_sqp,[-199.77368904  419.89960388 -439.25077631  228.48003905],1.8238603266551578e-09,3.340545617902535e-10,112.97662115097046,1226.2439946655522,1.0,1,49,True,`gtol` termination condition is satisfied.
94,gaussian_small,Configuration to test the Gaussian Pulses with differents shifts and n for Ito integrals up to theta.,GaussianLoss,pulse_opt.integrals.losses,"[1.0, 1.0, 1.0, 1.0, 1.0, 1.0, 1.0, 1.0]",1.0,0.5,4,2.35619449019,69,400,80,0,107,4,0.894732257402689,[0.08214199 0.11295809 0.11295747 0.08214091],[ 5.81276293e-07  2.78092851e-07 -3.37601150e-07 -4.99442692e-07],"[array([-1.42108547e-14]), array([2.09533845, 0.        , 0.        , 0.        ])]","[array([[0.47724986, 0.65629625, 0.65629624, 0.47724987]]), array([[1., 0., 0., 0.],
       [0., 1., 0., 0.],
       [0., 0., 1., 0.],
       [0., 0., 0., 1.]])]","[400, 0]","[0, 0]","[0, 0]","[array([-0.17211406]), array([0., 0., 0., 0.])]",equality_constrained_sqp,[-148.15812963  315.17935564 -333.92959943  176.03810496],5.812762926965531e-07,1.4210854715202004e-14,296.0799136161804,2.343370689550711e-09,1.0,2,69,True,`xtol` termination condition is satisfied.
95,gaussian_small,Configuration to test the Gaussian Pulses with differents shifts and n for Ito integrals up to theta.,GaussianLoss,pulse_opt.integrals.losses,"[1.0, 1.0, 1.0, 1.0, 1.0, 1.0, 1.0, 1.0]",1.0,0.5,4,3.14159265359,87,495,99,0,135,2,1.0118383396342514,[-0.11311406 -0.15555404 -0.15555005 -0.11311517],[ 1.05236014e-06 -2.35604726e-06  1.63687492e-06 -6.33811259e-08],"[array([2.84217094e-14]), array([2.09533845, 0.        , 0.        , 0.        ])]","[array([[0.47724987, 0.65629624, 0.65629624, 0.47724987]]), array([[1., 0., 0., 0.],
       [0., 1., 0., 0.],
       [0., 0., 1., 0.],
       [0., 0., 0., 1.]])]","[495, 0]","[0, 0]","[0, 0]","[array([0.23701444]), array([0., 0., 0., 0.])]",equality_constrained_sqp,[ 181.71216339 -345.48084146  328.24201285 -155.91062991],2.356047259371996e-06,2.842170943040401e-14,450.2348213195801,3.3888910415584165e-09,1.0,2,87,True,`xtol` termination condition is satisfied.
96,gaussian_small,Configuration to test the Gaussian Pulses with differents shifts and n for Ito integrals up to theta.,GaussianLoss,pulse_opt.integrals.losses,"[1.0, 1.0, 1.0, 1.0, 1.0, 1.0, 1.0, 1.0]",1.0,0.5,5,0.78539816339,311,2058,343,0,511,2,0.7351814342325224,[0.04202605 0.05500679 0.06011718 0.05500668 0.04202635],"[-2.31617583e-07  9.87344563e-08  2.94867300e-08 -9.69280511e-09
  7.28944070e-08]","[array([0.]), array([2.09533845, 0.        , 0.        , 0.        , 0.        ])]","[array([[0.47724988, 0.62465527, 0.6826895 , 0.62465526, 0.47724987]]), array([[1., 0., 0., 0., 0.],
       [0., 1., 0., 0., 0.],
       [0., 0., 1., 0., 0.],
       [0., 0., 0., 1., 0.],
       [0., 0., 0., 0., 1.]])]","[2058, 0]","[0, 0]","[0, 0]","[array([-0.08805928]), array([0., 0., 0., 0., 0.])]",equality_constrained_sqp,"[ -121.85210007  -231.72708089  1112.8614577  -1448.53972293
   731.27851025]",2.3161758291173618e-07,0.0,2384.542408466339,2.9183709651070882e-09,1.0,2,311,True,`xtol` termination condition is satisfied.
97,gaussian_small,Configuration to test the Gaussian Pulses with differents shifts and n for Ito integrals up to theta.,GaussianLoss,pulse_opt.integrals.losses,"[1.0, 1.0, 1.0, 1.0, 1.0, 1.0, 1.0, 1.0]",1.0,0.5,5,1.57079632679,87,594,99,0,179,2,0.8135465367865105,[0.07019685 0.0918783  0.1004143  0.09187811 0.07019695],"[-5.06536125e-08  7.71823793e-08  3.92749139e-08 -1.12514979e-07
  4.07177666e-08]","[array([-5.68434189e-14]), array([2.09533845, 0.        , 0.        , 0.        , 0.        ])]","[array([[0.47724978, 0.62465526, 0.68268949, 0.62465526, 0.47724987]]), array([[1., 0., 0., 0., 0.],
       [0., 1., 0., 0., 0.],
       [0., 0., 1., 0., 0.],
       [0., 0., 0., 1., 0.],
       [0., 0., 0., 0., 1.]])]","[594, 0]","[0, 0]","[0, 0]","[array([-0.14708629]), array([0., 0., 0., 0., 0.])]",equality_constrained_sqp,"[   22.24930723  -401.6420832   1016.2701252  -1134.36167744
   536.52694536]",1.1251497948616684e-07,5.684341886080802e-14,555.8349258899689,7.519800755747228e-09,1.0,2,87,True,`xtol` termination condition is satisfied.
98,gaussian_small,Configuration to test the Gaussian Pulses with differents shifts and n for Ito integrals up to theta.,GaussianLoss,pulse_opt.integrals.losses,"[1.0, 1.0, 1.0, 1.0, 1.0, 1.0, 1.0, 1.0]",1.0,0.5,5,2.35619449019,85,606,101,0,159,2,0.87339841433219,[0.07689808 0.10065482 0.11000724 0.100654   0.07690356],"[-3.95240847e-06  4.96311466e-07  1.52996988e-06 -3.15981473e-07
  1.52781139e-06]","[array([0.]), array([2.09533845, 0.        , 0.        , 0.        , 0.        ])]","[array([[0.47724982, 0.62465527, 0.68268949, 0.62465526, 0.47724987]]), array([[1., 0., 0., 0., 0.],
       [0., 1., 0., 0., 0.],
       [0., 0., 1., 0., 0.],
       [0., 0., 0., 1., 0.],
       [0., 0., 0., 0., 1.]])]","[606, 0]","[0, 0]","[0, 0]","[array([-0.16113579]), array([0., 0., 0., 0., 0.])]",equality_constrained_sqp,[  53.07039208 -403.9539704   903.96233661 -964.42555479  446.96092397],3.952408473950619e-06,0.0,661.3088774681091,5.921067131978661e-09,1.0,2,85,True,`xtol` termination condition is satisfied.
99,gaussian_small,Configuration to test the Gaussian Pulses with differents shifts and n for Ito integrals up to theta.,GaussianLoss,pulse_opt.integrals.losses,"[1.0, 1.0, 1.0, 1.0, 1.0, 1.0, 1.0, 1.0]",1.0,0.5,5,3.14159265359,124,846,141,0,261,2,1.0039482408323193,[-0.1208738  -0.15820759 -0.17290559 -0.15820683 -0.12087388],"[-9.24316525e-08 -3.21866732e-07  8.24670553e-08  4.39893543e-07
 -1.80015700e-07]","[array([-4.97379915e-14]), array([2.09533845, 0.        , 0.        , 0.        , 0.        ])]","[array([[0.47724987, 0.62465526, 0.68268949, 0.62465527, 0.47724986]]), array([[1., 0., 0., 0., 0.],
       [0., 1., 0., 0., 0.],
       [0., 0., 1., 0., 0.],
       [0., 0., 0., 1., 0.],
       [0., 0., 0., 0., 1.]])]","[846, 0]","[0, 0]","[0, 0]","[array([0.25327132]), array([0., 0., 0., 0., 0.])]",equality_constrained_sqp,[ 303.01320867 -543.50842975  330.09895189   30.54930389 -101.71921836],4.398935425364847e-07,4.973799150320701e-14,1088.5209794044495,4.707323349388433e-09,1.0,2,124,True,`xtol` termination condition is satisfied.
