config.name,config.description,config.content.factory,config.content.factory_path,config.content.factory_args,config.content.ansatz_name,config.content.loss,config.content.loss_path,config.content.variable_args.shift,config.content.variable_args.n,config.content.variable_args.theta,config.content.variable_args.weights,config.content.static_args.a,config.content.static_args.has_vanishing_endpoints,args.a,args.has_vanishing_endpoints,args.shift,args.n,args.theta,args.weights,results.nit,results.nfev,results.njev,results.nhev,results.cg_niter,results.cg_stop_cond,results.fun,results.grad,results.lagrangian_grad,results.constr,results.jac,results.constr_nfev,results.constr_njev,results.constr_nhev,results.v,results.method,results.x,results.optimality,results.constr_violation,results.execution_time,results.tr_radius,results.constr_penalty,results.status,results.niter,results.success,results.message
fourier_small,Configuration to test the Fourier Pulses with constraints but fast.,FourierFactory,pulse_opt.pulses.fourier_factory,"['shift', 'n', 'has_vanishing_endpoints']",Fourier series,FourierLoss,pulse_opt.integrals.losses,[0.0],"[2, 4]","[0.78539816339, 1.57079632679, 2.35619449019, 3.14159265359]","['equal', 'covariance', 'variance', 'deterministic', 'variance_plus_deterministic']",1.0,True,1.0,True,0.0,2,0.78539816339,equal,38,287,41,0,56,4,0.9380991461859362,[ 0.14196643  0.13089936  0.02198151  0.27686815 -0.12774159  0.16076228],"[ 1.05850578e-06 -6.29505036e-05 -2.46238092e-05  4.12613319e-05
  1.60630376e-05 -4.56762839e-06]","[array([-4.31441549e-11]), array([-6.31530384e-11]), array([4.67821337e-11])]","[array([[ 1.,  1., -0.,  2., -1.,  1.]]), array([[ 1.57079632, -0.        ,  3.14159267,  0.        ,  4.71238898,
         0.        ]]), array([[ 0.        ,  1.57079633, -3.14159267,  0.        ,  0.        ,
        -4.71238897]])]","[287, 287, 287]","[0, 0, 0]","[0, 0, 0]","[array([-0.13841344]), array([-0.00226123]), array([0.00474354])]",equality_constrained_sqp,"[ 818.59307274 -840.59769441 -528.94018102   15.16974778   79.76242977
   72.42755588]",6.295050359013572e-05,6.31530383543577e-11,4.17072868347168,4706.957486794798,1.0,1,38,True,`gtol` termination condition is satisfied.
fourier_small,Configuration to test the Fourier Pulses with constraints but fast.,FourierFactory,pulse_opt.pulses.fourier_factory,"['shift', 'n', 'has_vanishing_endpoints']",Fourier series,FourierLoss,pulse_opt.integrals.losses,[0.0],"[2, 4]","[0.78539816339, 1.57079632679, 2.35619449019, 3.14159265359]","['equal', 'covariance', 'variance', 'deterministic', 'variance_plus_deterministic']",1.0,True,1.0,True,0.0,2,0.78539816339,covariance,30,224,32,0,47,4,-0.9010290952996381,[ 0.15623338  0.14371139  0.02496047  0.30466486 -0.14051843  0.17798739],"[-9.24463729e-06 -4.39713806e-05 -1.40588317e-05  3.54773455e-05
  1.24541002e-05 -5.28457243e-06]","[array([4.33431069e-12]), array([8.01492206e-11]), array([-9.20863386e-12])]","[array([[ 1.        ,  1.        , -0.        ,  1.99999998, -1.        ,
         1.        ]]), array([[ 1.57079631, -0.        ,  3.14159264,  0.        ,  4.71238898,
         0.        ]]), array([[ 0.        ,  1.57079632, -3.14159264,  0.        ,  0.        ,
        -4.71238898]])]","[224, 224, 224]","[0, 0, 0]","[0, 0, 0]","[array([-0.15231469]), array([-0.0025006]), array([0.00544904])]",equality_constrained_sqp,"[ 772.29684469 -794.72788426 -499.52172104   15.45402638   75.58219913
   68.10518594]",4.397138064847657e-05,8.01492205937393e-11,1.3714239597320557,4521.12977328736,1.0,1,30,True,`gtol` termination condition is satisfied.
fourier_small,Configuration to test the Fourier Pulses with constraints but fast.,FourierFactory,pulse_opt.pulses.fourier_factory,"['shift', 'n', 'has_vanishing_endpoints']",Fourier series,FourierLoss,pulse_opt.integrals.losses,[0.0],"[2, 4]","[0.78539816339, 1.57079632679, 2.35619449019, 3.14159265359]","['equal', 'covariance', 'variance', 'deterministic', 'variance_plus_deterministic']",1.0,True,1.0,True,0.0,2,0.78539816339,variance,5,35,5,0,6,4,1.0028704324563615,[ 0.01042095  0.00973982  0.00132387  0.02144946 -0.01205605  0.01374888],"[ 7.42615481e-05  7.30245165e-06  9.55257283e-05 -5.43759997e-05
 -8.84376679e-05 -6.12496682e-05]","[array([4.4408921e-16]), array([7.05180359e-09]), array([-2.2923512e-09])]","[array([[ 1.,  1.,  0.,  2., -1.,  1.]]), array([[ 1.57079631, -0.        ,  3.14159266,  0.        ,  4.71238899,
        -0.        ]]), array([[ 0.        ,  1.57079637, -3.14159266,  0.        , -0.        ,
        -4.71238899]])]","[35, 35, 35]","[0, 0, 0]","[0, 0, 0]","[array([-0.01075192]), array([0.00025798]), array([0.00064897])]",equality_constrained_sqp,[ 0.57607288 -0.33411125  1.1365826   0.33869225 -0.94974603 -0.86909215],9.552572830520429e-05,7.051803585511607e-09,0.07691383361816406,5.087091549118901,1.0,1,5,True,`gtol` termination condition is satisfied.
fourier_small,Configuration to test the Fourier Pulses with constraints but fast.,FourierFactory,pulse_opt.pulses.fourier_factory,"['shift', 'n', 'has_vanishing_endpoints']",Fourier series,FourierLoss,pulse_opt.integrals.losses,[0.0],"[2, 4]","[0.78539816339, 1.57079632679, 2.35619449019, 3.14159265359]","['equal', 'covariance', 'variance', 'deterministic', 'variance_plus_deterministic']",1.0,True,1.0,True,0.0,2,0.78539816339,deterministic,35,252,36,0,56,4,0.19341606134126788,[ 0.0726237   0.07236725  0.00025232  0.14747059 -0.07709852  0.07769719],"[ 3.36943138e-05 -5.26582056e-05 -8.78714266e-05  1.26425948e-05
  4.73495133e-05  4.10282158e-05]","[array([4.32691962e-08]), array([1.26739224e-08]), array([-1.0789222e-08])]","[array([[ 1.        ,  1.        , -0.        ,  1.99999998, -1.        ,
         1.        ]]), array([[ 1.57079632, -0.        ,  3.14159266,  0.        ,  4.71238898,
         0.        ]]), array([[ 0.        ,  1.57079633, -3.14159266,  0.        ,  0.        ,
        -4.712389  ]])]","[252, 252, 252]","[0, 0, 0]","[0, 0, 0]","[array([-0.07372897]), array([0.00072509]), array([0.00083338])]",equality_constrained_sqp,"[ 1405.65432568 -1424.805673    -901.27141079    13.2675649
   132.2961653    125.91238286]",8.78714265757168e-05,4.3269196225992346e-08,2.1764719486236572,2414.6377539967625,1.0,1,35,True,`gtol` termination condition is satisfied.
fourier_small,Configuration to test the Fourier Pulses with constraints but fast.,FourierFactory,pulse_opt.pulses.fourier_factory,"['shift', 'n', 'has_vanishing_endpoints']",Fourier series,FourierLoss,pulse_opt.integrals.losses,[0.0],"[2, 4]","[0.78539816339, 1.57079632679, 2.35619449019, 3.14159265359]","['equal', 'covariance', 'variance', 'deterministic', 'variance_plus_deterministic']",1.0,True,1.0,True,0.0,2,0.78539816339,variance_plus_deterministic,23,175,25,0,38,4,1.8585074085910112,[ 0.15512914  0.13574685  0.03911682  0.29382451 -0.12207804  0.18064817],"[-6.97324862e-05  7.90914439e-05  5.46026534e-05 -6.23930535e-06
 -1.31576066e-05 -1.00379544e-05]","[array([-8.66577921e-11]), array([8.39150971e-11]), array([1.4606627e-10])]","[array([[ 0.99999999,  1.        ,  0.        ,  2.        , -1.00000001,
         1.        ]]), array([[ 1.57079632, -0.        ,  3.14159263,  0.        ,  4.71238901,
        -0.        ]]), array([[-0.        ,  1.57079634, -3.14159268,  0.        ,  0.        ,
        -4.71238896]])]","[175, 175, 175]","[0, 0, 0]","[0, 0, 0]","[array([-0.14691537]), array([-0.00527344]), array([0.00716045])]",equality_constrained_sqp,"[-14.58328074 -26.01588678   2.63745399  27.56611168   3.10279092
 -10.43026492]",7.909144392317588e-05,1.460662701902038e-10,1.8975803852081299,214.15134883585225,1.0,1,23,True,`gtol` termination condition is satisfied.
fourier_small,Configuration to test the Fourier Pulses with constraints but fast.,FourierFactory,pulse_opt.pulses.fourier_factory,"['shift', 'n', 'has_vanishing_endpoints']",Fourier series,FourierLoss,pulse_opt.integrals.losses,[0.0],"[2, 4]","[0.78539816339, 1.57079632679, 2.35619449019, 3.14159265359]","['equal', 'covariance', 'variance', 'deterministic', 'variance_plus_deterministic']",1.0,True,1.0,True,0.0,2,1.57079632679,equal,51,357,51,0,72,4,1.062477489495687,[ 0.21109507  0.18361059  0.05497893  0.40438225 -0.17594488  0.25829831],"[ 7.64895168e-05  6.20376351e-05  3.88718936e-05 -9.23514338e-05
 -5.14111013e-05 -5.23538407e-06]","[array([3.14059889e-12]), array([1.40119027e-11]), array([6.25277607e-13])]","[array([[ 1.        ,  1.        , -0.        ,  2.00000002, -1.        ,
         1.        ]]), array([[ 1.57079632, -0.        ,  3.14159266,  0.        ,  4.71238899,
         0.        ]]), array([[ 0.        ,  1.57079633, -3.14159266,  0.        ,  0.        ,
        -4.71238896]])]","[357, 357, 357]","[0, 0, 0]","[0, 0, 0]","[array([-0.2022373]), array([-0.00559034]), array([0.01189763])]",equality_constrained_sqp,"[ 440.76085412 -461.32739296 -287.24098457   14.21102589   44.57370501
   37.71819206]",9.235143383118372e-05,1.4011902749189176e-11,4.34004545211792,995.0156703328468,1.0,1,51,True,`gtol` termination condition is satisfied.
fourier_small,Configuration to test the Fourier Pulses with constraints but fast.,FourierFactory,pulse_opt.pulses.fourier_factory,"['shift', 'n', 'has_vanishing_endpoints']",Fourier series,FourierLoss,pulse_opt.integrals.losses,[0.0],"[2, 4]","[0.78539816339, 1.57079632679, 2.35619449019, 3.14159265359]","['equal', 'covariance', 'variance', 'deterministic', 'variance_plus_deterministic']",1.0,True,1.0,True,0.0,2,1.57079632679,covariance,45,315,45,0,64,4,-0.7654969401223473,[ 0.21173147  0.1881816   0.0470244   0.41042557 -0.18553325  0.25612792],"[-1.22066676e-05 -3.81085983e-05 -2.35453172e-05  3.35435105e-05
  1.97657672e-05  2.99401194e-06]","[array([1.38413725e-11]), array([-3.32534e-11]), array([7.37259143e-11])]","[array([[ 1.        ,  1.        , -0.        ,  2.        , -0.99999999,
         1.        ]]), array([[ 1.57079633, -0.        ,  3.14159265,  0.        ,  4.712389  ,
         0.        ]]), array([[ 0.        ,  1.57079634, -3.14159265,  0.        ,  0.        ,
        -4.71238896]])]","[315, 315, 315]","[0, 0, 0]","[0, 0, 0]","[array([-0.20519601]), array([-0.00416837]), array([0.01080745])]",equality_constrained_sqp,"[ 446.34839563 -467.74165318 -291.19082327   14.7621717    45.34441697
   38.21333112]",3.810859827298174e-05,7.3725914262468e-11,2.559098958969116,3541.4684917871095,1.0,1,45,True,`gtol` termination condition is satisfied.
fourier_small,Configuration to test the Fourier Pulses with constraints but fast.,FourierFactory,pulse_opt.pulses.fourier_factory,"['shift', 'n', 'has_vanishing_endpoints']",Fourier series,FourierLoss,pulse_opt.integrals.losses,[0.0],"[2, 4]","[0.78539816339, 1.57079632679, 2.35619449019, 3.14159265359]","['equal', 'covariance', 'variance', 'deterministic', 'variance_plus_deterministic']",1.0,True,1.0,True,0.0,2,1.57079632679,variance,17,119,17,0,30,4,1.0217353660551116,[ 0.07368992  0.06830335  0.01083313  0.1457548  -0.07050638  0.08653763],"[ 4.42660884e-06 -3.65229850e-06  7.61471693e-05 -5.16206792e-07
 -5.22403167e-05 -5.19822135e-05]","[array([1.77635684e-15]), array([-2.32290631e-09]), array([2.08626716e-09])]","[array([[ 1.00000002,  1.00000001,  0.        ,  2.        , -1.        ,
         1.        ]]), array([[ 1.57079632, -0.        ,  3.14159274,  0.        ,  4.71238903,
        -0.        ]]), array([[-0.        ,  1.57079633, -3.14159274,  0.        ,  0.        ,
        -4.71238901]])]","[119, 119, 119]","[0, 0, 0]","[0, 0, 0]","[array([-0.07287766]), array([-0.00051429]), array([0.00290977])]",equality_constrained_sqp,"[-14.48059395 -17.99313272   0.02618815  22.14915111   4.80940588
  -6.01516967]",7.614716929757112e-05,2.3229063117469195e-09,0.5846078395843506,90.04349111427356,1.0,1,17,True,`gtol` termination condition is satisfied.
fourier_small,Configuration to test the Fourier Pulses with constraints but fast.,FourierFactory,pulse_opt.pulses.fourier_factory,"['shift', 'n', 'has_vanishing_endpoints']",Fourier series,FourierLoss,pulse_opt.integrals.losses,[0.0],"[2, 4]","[0.78539816339, 1.57079632679, 2.35619449019, 3.14159265359]","['equal', 'covariance', 'variance', 'deterministic', 'variance_plus_deterministic']",1.0,True,1.0,True,0.0,2,1.57079632679,deterministic,54,392,56,0,83,4,0.2654654758606944,[ 0.1123356   0.10138135  0.02175661  0.21919739 -0.10126673  0.13390567],"[-3.33103776e-06 -7.43924222e-05 -9.78025268e-06  5.18156407e-05
  7.63051440e-06 -1.82773052e-05]","[array([2.36610731e-12]), array([1.89288585e-11]), array([-1.5063506e-11])]","[array([[ 1.        ,  1.        , -0.        ,  1.99999996, -1.        ,
         1.        ]]), array([[ 1.57079632, -0.        ,  3.14159268,  0.        ,  4.712389  ,
         0.        ]]), array([[ 0.        ,  1.57079631, -3.14159268,  0.        ,  0.        ,
        -4.71238901]])]","[392, 392, 392]","[0, 0, 0]","[0, 0, 0]","[array([-0.10957279]), array([-0.00176098]), array([0.00516748])]",equality_constrained_sqp,"[ 692.03199007 -710.47428736 -446.01221954   12.79486486   66.66414967
   60.51671724]",7.43924222122612e-05,1.892885848064907e-11,2.5688934326171875,886.4481087329698,1.0,1,54,True,`gtol` termination condition is satisfied.
fourier_small,Configuration to test the Fourier Pulses with constraints but fast.,FourierFactory,pulse_opt.pulses.fourier_factory,"['shift', 'n', 'has_vanishing_endpoints']",Fourier series,FourierLoss,pulse_opt.integrals.losses,[0.0],"[2, 4]","[0.78539816339, 1.57079632679, 2.35619449019, 3.14159265359]","['equal', 'covariance', 'variance', 'deterministic', 'variance_plus_deterministic']",1.0,True,1.0,True,0.0,2,1.57079632679,variance_plus_deterministic,44,315,45,0,68,4,1.857439663011705,[ 0.13805925  0.12477315  0.02662656  0.26794944 -0.12138502  0.16106334],"[-6.20596052e-05 -7.99705968e-05  9.01928842e-05  9.46868013e-05
 -3.94420539e-05 -8.67854546e-05]","[array([2.13162821e-14]), array([-2.79101187e-11]), array([4.28883595e-11])]","[array([[ 1.,  1., -0.,  2., -1.,  1.]]), array([[ 1.57079632, -0.        ,  3.14159265,  0.        ,  4.71238904,
         0.        ]]), array([[ 0.        ,  1.57079633, -3.14159265,  0.        ,  0.        ,
        -4.712389  ]])]","[315, 315, 315]","[0, 0, 0]","[0, 0, 0]","[array([-0.13392737]), array([-0.00266994]), array([0.00577685])]",equality_constrained_sqp,"[ 510.78119084 -563.61052898 -342.35635237   35.71955876   57.9771713
   40.36739192]",9.468680134927521e-05,4.288835953047965e-11,4.419493675231934,2685.892241203083,1.0,1,44,True,`gtol` termination condition is satisfied.
fourier_small,Configuration to test the Fourier Pulses with constraints but fast.,FourierFactory,pulse_opt.pulses.fourier_factory,"['shift', 'n', 'has_vanishing_endpoints']",Fourier series,FourierLoss,pulse_opt.integrals.losses,[0.0],"[2, 4]","[0.78539816339, 1.57079632679, 2.35619449019, 3.14159265359]","['equal', 'covariance', 'variance', 'deterministic', 'variance_plus_deterministic']",1.0,True,1.0,True,0.0,2,2.35619449019,equal,58,406,58,0,79,1,1.1356895393639121,[ 0.16865569  0.13686974  0.06353854  0.31369673 -0.12161573  0.21674353],"[ 3.52628286e-05 -1.04903369e-05  5.81508001e-05 -1.65149944e-05
 -5.05214764e-05 -4.22639793e-05]","[array([-5.43565193e-13]), array([-1.37229989e-07]), array([-3.70479825e-09])]","[array([[ 1.,  1., -0.,  2., -1.,  1.]]), array([[ 1.57079632, -0.        ,  3.14159265,  0.        ,  4.71238896,
         0.        ]]), array([[ 0.        ,  1.57079634, -3.14159265,  0.        ,  0.        ,
        -4.71238895]])]","[406, 406, 406]","[0, 0, 0]","[0, 0, 0]","[array([-0.15685662]), array([-0.00748907]), array([0.01271737])]",equality_constrained_sqp,"[ 329.12955782 -349.1368151  -215.85154288   13.83817151   34.19117595
   27.52209022]",5.81508001192485e-05,1.3722998915000062e-07,5.427876949310303,760.4456249317808,1.0,1,58,True,`gtol` termination condition is satisfied.
fourier_small,Configuration to test the Fourier Pulses with constraints but fast.,FourierFactory,pulse_opt.pulses.fourier_factory,"['shift', 'n', 'has_vanishing_endpoints']",Fourier series,FourierLoss,pulse_opt.integrals.losses,[0.0],"[2, 4]","[0.78539816339, 1.57079632679, 2.35619449019, 3.14159265359]","['equal', 'covariance', 'variance', 'deterministic', 'variance_plus_deterministic']",1.0,True,1.0,True,0.0,2,2.35619449019,covariance,62,434,62,0,84,4,-0.6922402469993223,[ 0.14328406  0.11475263  0.05703347  0.26754001 -0.10506226  0.19063217],"[-2.43351119e-05 -3.49262545e-05 -8.20456471e-06  3.95075776e-05
  1.35814138e-05 -6.17237495e-06]","[array([-4.26325641e-14]), array([-8.7970875e-10]), array([1.95768735e-10])]","[array([[ 1.,  1., -0.,  2., -1.,  1.]]), array([[ 1.57079633, -0.        ,  3.14159265,  0.        ,  4.71238899,
         0.        ]]), array([[ 0.        ,  1.57079631, -3.14159265,  0.        ,  0.        ,
        -4.71238898]])]","[434, 434, 434]","[0, 0, 0]","[0, 0, 0]","[array([-0.13375025]), array([-0.0060849]), array([0.01207203])]",equality_constrained_sqp,"[ 327.06586512 -347.56670195 -214.74490977   14.16722455   34.14131814
   27.30770586]",3.950757760035062e-05,8.797087502898648e-10,2.8554728031158447,1514.7511346908127,1.0,1,62,True,`gtol` termination condition is satisfied.
fourier_small,Configuration to test the Fourier Pulses with constraints but fast.,FourierFactory,pulse_opt.pulses.fourier_factory,"['shift', 'n', 'has_vanishing_endpoints']",Fourier series,FourierLoss,pulse_opt.integrals.losses,[0.0],"[2, 4]","[0.78539816339, 1.57079632679, 2.35619449019, 3.14159265359]","['equal', 'covariance', 'variance', 'deterministic', 'variance_plus_deterministic']",1.0,True,1.0,True,0.0,2,2.35619449019,variance,16,112,16,0,28,1,1.0733731227527779,[ 0.18889672  0.17197377  0.03416027  0.37155534 -0.17629871  0.22731107],"[-5.52296246e-05  5.52151295e-05  9.34808786e-05  9.66310493e-09
 -4.39107128e-05 -4.39155443e-05]","[array([-1.02156905e-08]), array([-9.35060029e-10]), array([7.09678005e-09])]","[array([[ 1.00000001,  1.00000001,  0.        ,  2.        , -1.        ,
         1.        ]]), array([[ 1.57079634, -0.        ,  3.14159274,  0.        ,  4.71238895,
        -0.        ]]), array([[-0.        ,  1.57079632, -3.14159274,  0.        ,  0.        ,
        -4.71238899]])]","[112, 112, 112]","[0, 0, 0]","[0, 0, 0]","[array([-0.18577766]), array([-0.00202081]), array([0.00882298])]",equality_constrained_sqp,"[-13.76784215 -16.8254325    0.1569419   20.89551643   4.48465278
  -5.71310543]",9.348087864766846e-05,1.0215690515735787e-08,0.9338300228118896,89.9244396266233,1.0,1,16,True,`gtol` termination condition is satisfied.
fourier_small,Configuration to test the Fourier Pulses with constraints but fast.,FourierFactory,pulse_opt.pulses.fourier_factory,"['shift', 'n', 'has_vanishing_endpoints']",Fourier series,FourierLoss,pulse_opt.integrals.losses,[0.0],"[2, 4]","[0.78539816339, 1.57079632679, 2.35619449019, 3.14159265359]","['equal', 'covariance', 'variance', 'deterministic', 'variance_plus_deterministic']",1.0,True,1.0,True,0.0,2,2.35619449019,deterministic,120,875,125,0,167,1,0.2832923057789002,[-0.09379287 -0.09729969  0.00661962 -0.18928969  0.09695371 -0.0869614 ],"[ 8.49565558e-05 -9.06323816e-05 -4.28504959e-05  3.78388399e-06
  2.48145062e-07 -1.64379716e-06]","[array([1.8704327e-10]), array([-2.68295253e-09]), array([2.47158027e-09])]","[array([[ 1.        ,  1.        , -0.        ,  2.00000002, -1.        ,
         1.        ]]), array([[ 1.57079632, -0.        ,  3.14159261,  0.        ,  4.71238895,
         0.        ]]), array([[ 0.        ,  1.57079633, -3.14159261,  0.        ,  0.        ,
        -4.71238895]])]","[875, 875, 875]","[0, 0, 0]","[0, 0, 0]","[array([0.09464673]), array([-0.0004895]), array([0.00163123])]",equality_constrained_sqp,"[ 505.91094539 -524.02089895 -327.50993466   12.57330238   49.70297464
   43.66632345]",9.063238159834211e-05,2.6829525268112775e-09,4.437414169311523,43.48474279244481,1.0,1,120,True,`gtol` termination condition is satisfied.
fourier_small,Configuration to test the Fourier Pulses with constraints but fast.,FourierFactory,pulse_opt.pulses.fourier_factory,"['shift', 'n', 'has_vanishing_endpoints']",Fourier series,FourierLoss,pulse_opt.integrals.losses,[0.0],"[2, 4]","[0.78539816339, 1.57079632679, 2.35619449019, 3.14159265359]","['equal', 'covariance', 'variance', 'deterministic', 'variance_plus_deterministic']",1.0,True,1.0,True,0.0,2,2.35619449019,variance_plus_deterministic,71,497,71,0,95,4,1.887001008973979,[-0.00527295 -0.01540444  0.02030232 -0.01579267  0.01588675  0.01450254],"[-2.44138877e-05 -1.65333041e-05  2.35868417e-05  2.72981279e-05
 -7.58659850e-06 -2.12356626e-05]","[array([-7.10542736e-15]), array([-7.66391395e-10]), array([4.31867875e-10])]","[array([[ 1.,  1., -0.,  2., -1.,  1.]]), array([[ 1.57079633, -0.        ,  3.14159265,  0.        ,  4.71238897,
         0.        ]]), array([[ 0.        ,  1.57079632, -3.14159265,  0.        ,  0.        ,
        -4.71238895]])]","[497, 497, 497]","[0, 0, 0]","[0, 0, 0]","[array([0.00790998]), array([-0.00169433]), array([0.00476059])]",equality_constrained_sqp,"[ 401.75068786 -442.22859025 -268.93377217   27.48526826   45.3722855
   31.87965137]",2.7298127926348587e-05,7.663913947908441e-10,4.367593050003052,2106.8207215841767,1.0,1,71,True,`gtol` termination condition is satisfied.
fourier_small,Configuration to test the Fourier Pulses with constraints but fast.,FourierFactory,pulse_opt.pulses.fourier_factory,"['shift', 'n', 'has_vanishing_endpoints']",Fourier series,FourierLoss,pulse_opt.integrals.losses,[0.0],"[2, 4]","[0.78539816339, 1.57079632679, 2.35619449019, 3.14159265359]","['equal', 'covariance', 'variance', 'deterministic', 'variance_plus_deterministic']",1.0,True,1.0,True,0.0,2,3.14159265359,equal,73,518,74,0,94,4,1.167746281185674,[0.06394337 0.02918124 0.06958333 0.09543406 0.00091798 0.10331698],"[ 7.70694326e-07  5.32514472e-06  4.99609004e-05 -4.06389263e-06
 -3.35641649e-05 -3.15322187e-05]","[array([-2.84217094e-14]), array([4.45794512e-10]), array([-8.91944296e-10])]","[array([[ 1.,  1., -0.,  2., -1.,  1.]]), array([[ 1.57079633, -0.        ,  3.14159264,  0.        ,  4.71238898,
         0.        ]]), array([[ 0.        ,  1.57079633, -3.14159264,  0.        ,  0.        ,
        -4.71238896]])]","[518, 518, 518]","[0, 0, 0]","[0, 0, 0]","[array([-0.04771906]), array([-0.01032822]), array([0.01180494])]",equality_constrained_sqp,"[ 264.53795569 -283.87137885 -174.3943312    13.38894877   28.0835689
   21.63909452]",4.9960900393108965e-05,8.919442961996538e-10,7.662769794464111,1397.0520792830796,1.0,1,73,True,`gtol` termination condition is satisfied.
fourier_small,Configuration to test the Fourier Pulses with constraints but fast.,FourierFactory,pulse_opt.pulses.fourier_factory,"['shift', 'n', 'has_vanishing_endpoints']",Fourier series,FourierLoss,pulse_opt.integrals.losses,[0.0],"[2, 4]","[0.78539816339, 1.57079632679, 2.35619449019, 3.14159265359]","['equal', 'covariance', 'variance', 'deterministic', 'variance_plus_deterministic']",1.0,True,1.0,True,0.0,2,3.14159265359,covariance,77,546,78,0,102,4,-0.6686979877969297,[0.0294939  0.0006257  0.05774356 0.03414234 0.0201512  0.06642135],"[ 6.84073507e-06  3.09183616e-06  1.46601322e-05 -6.62171415e-06
 -1.20536666e-05 -8.74280949e-06]","[array([5.68434189e-14]), array([-1.33866251e-11]), array([3.69482223e-13])]","[array([[ 1.,  1., -0.,  2., -1.,  1.]]), array([[ 1.57079633, -0.        ,  3.14159267,  0.        ,  4.71238897,
         0.        ]]), array([[ 0.        ,  1.57079632, -3.14159267,  0.        ,  0.        ,
        -4.71238895]])]","[546, 546, 546]","[0, 0, 0]","[0, 0, 0]","[array([-0.01707448]), array([-0.00790209]), array([0.01047359])]",equality_constrained_sqp,"[ 263.10903987 -282.79465977 -173.6344098    13.6237466    28.05325991
   21.49138661]",1.4660132162891415e-05,1.3386625141720288e-11,3.725841760635376,381.91759628994134,1.0,1,77,True,`gtol` termination condition is satisfied.
fourier_small,Configuration to test the Fourier Pulses with constraints but fast.,FourierFactory,pulse_opt.pulses.fourier_factory,"['shift', 'n', 'has_vanishing_endpoints']",Fourier series,FourierLoss,pulse_opt.integrals.losses,[0.0],"[2, 4]","[0.78539816339, 1.57079632679, 2.35619449019, 3.14159265359]","['equal', 'covariance', 'variance', 'deterministic', 'variance_plus_deterministic']",1.0,True,1.0,True,0.0,2,3.14159265359,variance,32,224,32,0,58,4,1.095780543810539,[ 0.14629813  0.13261359  0.02760752  0.2902572  -0.14139614  0.18287331],"[-6.38081213e-05  5.97747135e-05 -8.71852300e-06  2.68893851e-06
  2.70817224e-05  2.57372531e-05]","[array([1.42108547e-14]), array([1.3201884e-11]), array([-2.35829134e-11])]","[array([[ 1.,  1., -0.,  2., -1.,  1.]]), array([[ 1.57079633, -0.        ,  3.14159265,  0.        ,  4.71238898,
         0.        ]]), array([[ 0.        ,  1.57079634, -3.14159265,  0.        ,  0.        ,
        -4.71238901]])]","[224, 224, 224]","[0, 0, 0]","[0, 0, 0]","[array([-0.14512726]), array([-0.00078602]), array([0.0080045])]",equality_constrained_sqp,"[ 157.71331734 -185.38915752 -109.19163745   18.95056012   20.22331919
   10.99803913]",6.380812125520862e-05,2.3582913399877725e-11,1.7509832382202148,1013.4309308043566,1.0,1,32,True,`gtol` termination condition is satisfied.
fourier_small,Configuration to test the Fourier Pulses with constraints but fast.,FourierFactory,pulse_opt.pulses.fourier_factory,"['shift', 'n', 'has_vanishing_endpoints']",Fourier series,FourierLoss,pulse_opt.integrals.losses,[0.0],"[2, 4]","[0.78539816339, 1.57079632679, 2.35619449019, 3.14159265359]","['equal', 'covariance', 'variance', 'deterministic', 'variance_plus_deterministic']",1.0,True,1.0,True,0.0,2,3.14159265359,deterministic,63,455,65,0,93,4,0.196164641477464,[-0.08494099 -0.08106133 -0.00773791 -0.14948004  0.0439268  -0.05549204],"[ 3.26790007e-05  4.97189917e-05 -1.26848304e-05 -5.49319949e-05
 -2.43644665e-06  2.50295508e-05]","[array([-3.55271368e-15]), array([9.70601377e-12]), array([0.])]","[array([[ 1.        ,  1.        ,  0.        ,  2.        , -1.00000001,
         1.        ]]), array([[ 1.57079633,  0.        ,  3.14159263,  0.        ,  4.71238903,
        -0.        ]]), array([[-0.        ,  1.57079633, -3.14159263,  0.        , -0.        ,
        -4.71238899]])]","[455, 455, 455]","[0, 0, 0]","[0, 0, 0]","[array([0.07471256]), array([0.00653242]), array([0.00407341])]",equality_constrained_sqp,"[-208.43307918  187.97153627  126.03449375   14.14102861  -14.54530277
  -21.36581708]",5.493199491216072e-05,9.706013770482969e-12,2.729954481124878,1285.7959412408266,1.0,1,63,True,`gtol` termination condition is satisfied.
fourier_small,Configuration to test the Fourier Pulses with constraints but fast.,FourierFactory,pulse_opt.pulses.fourier_factory,"['shift', 'n', 'has_vanishing_endpoints']",Fourier series,FourierLoss,pulse_opt.integrals.losses,[0.0],"[2, 4]","[0.78539816339, 1.57079632679, 2.35619449019, 3.14159265359]","['equal', 'covariance', 'variance', 'deterministic', 'variance_plus_deterministic']",1.0,True,1.0,True,0.0,2,3.14159265359,variance_plus_deterministic,22,154,22,0,25,1,1.872230816667574,"[-1.27591992e-01 -1.27642890e-01  1.17301941e-04 -2.60652833e-01
  1.38831796e-01 -1.38573351e-01]","[-5.20746974e-05 -3.10025515e-05 -2.66358084e-05  5.53848323e-05
  3.51154398e-05  7.42302370e-06]","[array([2.12985185e-12]), array([-1.32890676e-09]), array([-4.7734261e-10])]","[array([[ 0.99999999,  1.        , -0.        ,  2.        , -1.        ,
         1.        ]]), array([[ 1.57079632,  0.        ,  3.14159298, -0.        ,  4.71238899,
         0.        ]]), array([[ 0.        ,  1.57079632, -3.14159298, -0.        , -0.        ,
        -4.71238894]])]","[154, 154, 154]","[0, 0, 0]","[0, 0, 0]","[array([0.13035411]), array([-0.00179157]), array([-0.00174575])]",equality_constrained_sqp,"[ 2.97813083e+01  2.97813492e+01 -1.32760304e-04 -3.92084384e+01
 -9.92701427e+00  9.92720492e+00]",5.538483229933222e-05,1.3289067624100426e-09,1.328320026397705,92.72304794693774,1.0,1,22,True,`gtol` termination condition is satisfied.
fourier_small,Configuration to test the Fourier Pulses with constraints but fast.,FourierFactory,pulse_opt.pulses.fourier_factory,"['shift', 'n', 'has_vanishing_endpoints']",Fourier series,FourierLoss,pulse_opt.integrals.losses,[0.0],"[2, 4]","[0.78539816339, 1.57079632679, 2.35619449019, 3.14159265359]","['equal', 'covariance', 'variance', 'deterministic', 'variance_plus_deterministic']",1.0,True,1.0,True,0.0,4,0.78539816339,equal,38,440,40,0,107,4,0.9557935580689394,"[ 1.55417590e-01  1.36430276e-01  3.81076229e-02  2.91489981e-01
 -1.16479455e-01  1.73901871e-01  1.51277060e-03 -2.71300654e-05
  1.94395792e-01  9.89378914e-02]","[-5.76017033e-05  4.75182915e-05 -7.72407250e-05  5.48128330e-06
  6.39752741e-05  8.11465281e-05  1.89811509e-05 -2.71300654e-05
 -1.11534545e-05 -6.89695300e-06]","[array([-3.45976581e-11]), array([1.31166189e-11]), array([3.98082678e-11])]","[array([[ 1.00000003,  1.00000001,  0.        ,  2.00000002, -1.        ,
         1.        ,  0.        , -0.        ,  1.        ,  1.        ]]), array([[ 1.57079632, -0.        ,  3.14159265,  0.        ,  4.71238898,
         0.        ,  6.28318529, -0.        ,  7.85398166, -0.        ]]), array([[-0.        ,  1.57079636, -3.14159279,  0.        , -0.        ,
        -4.71238905,  6.28318529, -0.        , -0.        ,  7.85398164]])]","[440, 440, 440]","[0, 0, 0]","[0, 0, 0]","[array([-0.14574225]), array([-0.00619618]), array([0.00595844])]",equality_constrained_sqp,"[-12.04282863 -26.88029456  19.80662607   3.64733871 -28.18809322
  16.45062063  29.11132565 -12.28230612 -11.89028928  -0.1199788 ]",8.1146528060419e-05,3.9808267793262075e-11,12.087514162063599,300.31960639211013,1.0,1,38,True,`gtol` termination condition is satisfied.
fourier_small,Configuration to test the Fourier Pulses with constraints but fast.,FourierFactory,pulse_opt.pulses.fourier_factory,"['shift', 'n', 'has_vanishing_endpoints']",Fourier series,FourierLoss,pulse_opt.integrals.losses,[0.0],"[2, 4]","[0.78539816339, 1.57079632679, 2.35619449019, 3.14159265359]","['equal', 'covariance', 'variance', 'deterministic', 'variance_plus_deterministic']",1.0,True,1.0,True,0.0,4,0.78539816339,covariance,30,330,30,0,64,4,-0.8862487303729814,"[ 1.61660350e-01  1.43334080e-01  3.67790488e-02  3.05170850e-01
 -1.25123569e-01  1.80545303e-01 -6.33243880e-04 -1.39195387e-05
  1.98235812e-01  1.06083956e-01]","[-5.41173907e-05  4.90771564e-05 -7.98788717e-05  7.67227654e-06
  5.93998432e-05  7.39428452e-05  2.16132300e-05 -1.39195387e-05
 -1.01554631e-05 -1.46918574e-05]","[array([-3.61932706e-14]), array([1.13686838e-13]), array([-2.70716782e-12])]","[array([[ 0.99999999,  0.99999999,  0.        ,  1.99999994, -1.        ,
         1.        ,  0.        , -0.        ,  1.        ,  1.        ]]), array([[ 1.57079636, -0.        ,  3.14159263,  0.        ,  4.71238898,
         0.        ,  6.28318531, -0.        ,  7.85398165, -0.        ]]), array([[-0.        ,  1.57079633, -3.14159263,  0.        , -0.        ,
        -4.71238891,  6.28318531, -0.        , -0.        ,  7.85398164]])]","[330, 330, 330]","[0, 0, 0]","[0, 0, 0]","[array([-0.15258159]), array([-0.00581417]), array([0.00591839])]",equality_constrained_sqp,"[-11.27457053 -31.00523021  19.89552642   4.11380257 -31.44925055
  16.63674064  31.46334403 -10.4509631  -12.00442135  -1.02937423]",7.987887172193966e-05,2.7071678232459817e-12,5.111453056335449,404.28734436783475,1.0,1,30,True,`gtol` termination condition is satisfied.
fourier_small,Configuration to test the Fourier Pulses with constraints but fast.,FourierFactory,pulse_opt.pulses.fourier_factory,"['shift', 'n', 'has_vanishing_endpoints']",Fourier series,FourierLoss,pulse_opt.integrals.losses,[0.0],"[2, 4]","[0.78539816339, 1.57079632679, 2.35619449019, 3.14159265359]","['equal', 'covariance', 'variance', 'deterministic', 'variance_plus_deterministic']",1.0,True,1.0,True,0.0,4,0.78539816339,variance,23,264,24,0,52,4,1.0018208721057469,"[ 7.18994439e-03  6.67907298e-03  1.04086101e-03  1.42823011e-02
 -6.97024167e-03  8.58899951e-03 -1.75067782e-03  2.07573175e-05
  7.49868155e-03  4.51061130e-03]","[-6.56844898e-06  5.16517690e-05 -9.73222438e-05  1.71253634e-05
 -2.94287612e-05 -5.90882980e-05  1.42888280e-05  2.07573175e-05
  4.64687814e-05 -9.61432915e-05]","[array([0.]), array([-7.73963116e-11]), array([-6.21982466e-11])]","[array([[ 1.,  1.,  0.,  2., -1.,  1., -0., -0.,  1.,  1.]]), array([[ 1.57079634, -0.        ,  3.14159262, -0.        ,  4.71238899,
         0.        ,  6.2831853 , -0.        ,  7.85398161,  0.        ]]), array([[-0.        ,  1.57079631, -3.14159262, -0.        , -0.        ,
        -4.71238899,  6.28318524, -0.        ,  0.        ,  7.85398167]])]","[264, 264, 264]","[0, 0, 0]","[0, 0, 0]","[array([-0.00713259]), array([-4.06959078e-05]), array([0.0003216])]",equality_constrained_sqp,"[-0.13754623 -0.43175871  0.40467116 -0.15576579 -0.36959868  0.29800396
 -0.43675706 -0.73323655  0.43680564  0.77642823]",9.732224380123674e-05,7.739631158187876e-11,1.6298837661743164,4.642406228015845,1.0,1,23,True,`gtol` termination condition is satisfied.
fourier_small,Configuration to test the Fourier Pulses with constraints but fast.,FourierFactory,pulse_opt.pulses.fourier_factory,"['shift', 'n', 'has_vanishing_endpoints']",Fourier series,FourierLoss,pulse_opt.integrals.losses,[0.0],"[2, 4]","[0.78539816339, 1.57079632679, 2.35619449019, 3.14159265359]","['equal', 'covariance', 'variance', 'deterministic', 'variance_plus_deterministic']",1.0,True,1.0,True,0.0,4,0.78539816339,deterministic,39,440,40,0,78,4,0.206166159917684,"[ 1.05420914e-01  9.66272432e-02  1.76581820e-02  2.05165032e-01
 -9.40575860e-02  1.20685418e-01 -1.29880868e-02 -1.69533960e-05
  1.16669611e-01  7.23721808e-02]","[ 2.26737560e-05  8.47479272e-05 -5.33080779e-05 -5.37187161e-06
  8.85014384e-05 -2.79071916e-05 -6.94126311e-05 -1.69533960e-05
  1.92177189e-05  5.12971788e-07]","[array([1.95399252e-14]), array([5.34328137e-12]), array([5.75539616e-12])]","[array([[ 1.        ,  1.        ,  0.        ,  2.        , -1.        ,
         1.00000003,  0.        , -0.        ,  1.        ,  1.        ]]), array([[ 1.57079638, -0.        ,  3.14159267,  0.        ,  4.71238899,
         0.        ,  6.28318501, -0.        ,  7.85398163,  0.        ]]), array([[ 0.        ,  1.57079631, -3.14159262,  0.        ,  0.        ,
        -4.71238877,  6.28318501, -0.        , -0.        ,  7.85398158]])]","[440, 440, 440]","[0, 0, 0]","[0, 0, 0]","[array([-0.1025852]), array([-0.00179084]), array([0.00384691])]",equality_constrained_sqp,"[  6.44093133  -7.36527597  20.1062836    0.11078801   0.86774723
   2.16354114   0.34710661 -27.59348805 -10.12903332  10.53600803]",8.850143838774749e-05,5.7553961596568115e-12,4.9350666999816895,107.8035596655829,1.0,1,39,True,`gtol` termination condition is satisfied.
fourier_small,Configuration to test the Fourier Pulses with constraints but fast.,FourierFactory,pulse_opt.pulses.fourier_factory,"['shift', 'n', 'has_vanishing_endpoints']",Fourier series,FourierLoss,pulse_opt.integrals.losses,[0.0],"[2, 4]","[0.78539816339, 1.57079632679, 2.35619449019, 3.14159265359]","['equal', 'covariance', 'variance', 'deterministic', 'variance_plus_deterministic']",1.0,True,1.0,True,0.0,4,0.78539816339,variance_plus_deterministic,40,462,42,0,104,4,1.7846234492011366,"[ 9.32021675e-02  8.74891148e-02  1.14438961e-02  1.83840126e-01
 -8.81649256e-02  1.05354311e-01 -1.31199956e-02 -2.92076883e-05
  9.80939075e-02  6.95122662e-02]","[ 4.42360479e-05  5.12995449e-05  3.66343930e-06 -1.47265692e-05
  7.09848167e-05 -4.19478622e-05 -8.35730979e-05 -2.92076883e-05
  1.39549996e-05  3.28952247e-05]","[array([1.35536027e-12]), array([-5.54933877e-12]), array([1.13686838e-12])]","[array([[ 1.,  1.,  0.,  2., -1.,  1., -0., -0.,  1.,  1.]]), array([[ 1.57079634, -0.        ,  3.14159266, -0.        ,  4.71238899,
         0.        ,  6.28318501, -0.        ,  7.85398161,  0.        ]]), array([[ 0.        ,  1.57079629, -3.14159268, -0.        ,  0.        ,
        -4.71238898,  6.28318501, -0.        , -0.        ,  7.85398164]])]","[462, 462, 462]","[0, 0, 0]","[0, 0, 0]","[array([-0.09192743]), array([-0.00078336]), array([0.00285818])]",equality_constrained_sqp,"[  4.69767417  -7.01004673  16.9728162   -0.73576307   0.33133053
   2.23826634  -0.79395431 -22.58462222  -7.29229618  10.16925908]",8.357309785259753e-05,5.5493387662863825e-12,9.801094055175781,28.640067844708934,1.0,1,40,True,`gtol` termination condition is satisfied.
fourier_small,Configuration to test the Fourier Pulses with constraints but fast.,FourierFactory,pulse_opt.pulses.fourier_factory,"['shift', 'n', 'has_vanishing_endpoints']",Fourier series,FourierLoss,pulse_opt.integrals.losses,[0.0],"[2, 4]","[0.78539816339, 1.57079632679, 2.35619449019, 3.14159265359]","['equal', 'covariance', 'variance', 'deterministic', 'variance_plus_deterministic']",1.0,True,1.0,True,0.0,4,1.57079632679,equal,56,616,56,0,156,4,0.9189936415651272,"[ 1.82421896e-01  1.57829398e-01  4.93164448e-02  3.40713652e-01
 -1.34008778e-01  2.08174221e-01 -2.04479545e-03 -8.58330001e-05
  2.30854100e-01  1.07436743e-01]","[-3.60196342e-05  5.61676013e-05 -5.29223006e-05 -1.58500637e-05
  7.64969561e-05  3.48953936e-05 -5.13401580e-05 -8.58330001e-05
  2.35468003e-05  2.96069223e-05]","[array([-3.62376795e-13]), array([-9.09494702e-13]), array([-1.59161573e-12])]","[array([[ 1.00000001,  1.        ,  0.        ,  1.99999997, -1.        ,
         1.        ,  0.        ,  0.        ,  1.        ,  1.        ]]), array([[ 1.57079639, -0.        ,  3.14159265,  0.        ,  4.71238894,
        -0.        ,  6.2831853 ,  0.        ,  7.85398164, -0.        ]]), array([[ 0.        ,  1.57079631, -3.14159265,  0.        , -0.        ,
        -4.712389  ,  6.2831853 ,  0.        ,  0.        ,  7.85398162]])]","[616, 616, 616]","[0, 0, 0]","[0, 0, 0]","[array([-0.17036475]), array([-0.00769874]), array([0.00801601])]",equality_constrained_sqp,"[ 197.55862259 -234.76922246  291.03230035    3.48625569 -342.82113444
 -300.14469647   27.80395765  237.30897274   27.52486989  -38.96321937]",8.583300009242214e-05,1.5916157281026244e-12,23.147563934326172,2215.7860947702393,1.0,1,56,True,`gtol` termination condition is satisfied.
fourier_small,Configuration to test the Fourier Pulses with constraints but fast.,FourierFactory,pulse_opt.pulses.fourier_factory,"['shift', 'n', 'has_vanishing_endpoints']",Fourier series,FourierLoss,pulse_opt.integrals.losses,[0.0],"[2, 4]","[0.78539816339, 1.57079632679, 2.35619449019, 3.14159265359]","['equal', 'covariance', 'variance', 'deterministic', 'variance_plus_deterministic']",1.0,True,1.0,True,0.0,4,1.57079632679,covariance,72,814,74,0,248,4,-0.925612982325949,"[ 1.76052396e-01  1.55019630e-01  4.21625541e-02  3.31754724e-01
 -1.35116465e-01  1.98551807e-01 -2.51467807e-03  5.39310485e-05
  2.16968423e-01  1.11603570e-01]","[-4.74820721e-05  8.43264105e-06 -1.48080996e-05  1.04689406e-05
  7.24124501e-05  9.68895207e-05  1.80385300e-05  5.39310485e-05
 -4.24586397e-05  3.60931202e-05]","[array([7.10542736e-15]), array([3.23163135e-07]), array([2.2408733e-07])]","[array([[ 1.        ,  1.        ,  0.        ,  2.        , -1.00000002,
         1.        , -0.        ,  0.        ,  1.        ,  1.        ]]), array([[ 1.57079633, -0.        ,  3.14159266,  0.        ,  4.71238897,
        -0.        ,  6.2831853 ,  0.        ,  7.85398163, -0.        ]]), array([[ 0.        ,  1.57079633, -3.14159273,  0.        , -0.        ,
        -4.71238899,  6.2831853 ,  0.        ,  0.        ,  7.85398167]])]","[814, 814, 814]","[0, 0, 0]","[0, 0, 0]","[array([-0.16587213]), array([-0.00651119]), array([0.00691428])]",equality_constrained_sqp,"[ 342.51242894 -724.33851687  121.05897423  296.65676913 -218.69278373
 -429.85322332  -31.8775221   267.46014479   39.79161248  -39.11862321]",9.68895206521006e-05,3.2316313536284724e-07,14.71950650215149,1677.5630075391857,1.0,1,72,True,`gtol` termination condition is satisfied.
fourier_small,Configuration to test the Fourier Pulses with constraints but fast.,FourierFactory,pulse_opt.pulses.fourier_factory,"['shift', 'n', 'has_vanishing_endpoints']",Fourier series,FourierLoss,pulse_opt.integrals.losses,[0.0],"[2, 4]","[0.78539816339, 1.57079632679, 2.35619449019, 3.14159265359]","['equal', 'covariance', 'variance', 'deterministic', 'variance_plus_deterministic']",1.0,True,1.0,True,0.0,4,1.57079632679,variance,25,275,25,0,61,4,1.0160580560439978,"[ 5.35477583e-02  5.13959279e-02  4.31110283e-03  1.07881382e-01
 -5.51898032e-02  6.16650914e-02 -1.21076256e-02 -1.97071487e-05
  5.18455174e-02  4.10328649e-02]","[ 2.60352249e-05  3.43303180e-05 -9.14693006e-06 -1.35013015e-05
  3.47961744e-05 -3.98823284e-05 -6.13723584e-05 -1.97071487e-05
  2.66719085e-05  1.46436542e-05]","[array([3.60536934e-10]), array([-1.01063797e-08]), array([-4.53321292e-09])]","[array([[ 1.00000001,  1.        ,  0.        ,  2.        , -1.        ,
         1.        ,  0.        , -0.        ,  1.        ,  1.        ]]), array([[ 1.57079633, -0.        ,  3.14159267,  0.        ,  4.71238899,
         0.        ,  6.28318524, -0.        ,  7.85398164,  0.        ]]), array([[ 0.        ,  1.57079636, -3.14159267,  0.        , -0.        ,
        -4.71238882,  6.28318524, -0.        , -0.        ,  7.8539816 ]])]","[275, 275, 275]","[0, 0, 0]","[0, 0, 0]","[array([-0.05394744]), array([0.00027102]), array([0.0016462])]",equality_constrained_sqp,"[ 1.31530334 -2.39456744  5.38506344  0.01461221 -0.24242187  1.11343274
  0.20948782 -7.09325306 -2.43922318  3.13340825]",6.137235835708583e-05,1.0106379733088033e-08,3.4932456016540527,32.16522772069031,1.0,1,25,True,`gtol` termination condition is satisfied.
fourier_small,Configuration to test the Fourier Pulses with constraints but fast.,FourierFactory,pulse_opt.pulses.fourier_factory,"['shift', 'n', 'has_vanishing_endpoints']",Fourier series,FourierLoss,pulse_opt.integrals.losses,[0.0],"[2, 4]","[0.78539816339, 1.57079632679, 2.35619449019, 3.14159265359]","['equal', 'covariance', 'variance', 'deterministic', 'variance_plus_deterministic']",1.0,True,1.0,True,0.0,4,1.57079632679,deterministic,40,462,42,0,120,4,0.28402909877509097,"[ 1.19534530e-01  1.03006905e-01  3.31868642e-02  2.24789637e-01
 -9.07696784e-02  1.40786482e-01 -9.05089424e-03 -8.38907337e-05
  1.48161172e-01  6.50952794e-02]","[-1.34907098e-05  7.87675464e-05 -5.29008650e-05  3.72152406e-05
  9.10902495e-05  6.60645908e-05  5.41318112e-05 -8.38907337e-05
 -7.41011109e-05 -4.05805493e-05]","[array([-1.66011205e-10]), array([7.20064008e-11]), array([-7.71063213e-11])]","[array([[ 1.        ,  0.99999999,  0.        ,  2.00000005, -1.        ,
         1.        ,  0.        , -0.        ,  1.        ,  1.        ]]), array([[ 1.57079631, -0.        ,  3.1415927 ,  0.        ,  4.712389  ,
         0.        ,  6.28318536, -0.        ,  7.85398166, -0.        ]]), array([[-0.        ,  1.57079636, -3.14159259,  0.        , -0.        ,
        -4.71238905,  6.28318536, -0.        , -0.        ,  7.85398167]])]","[462, 462, 462]","[0, 0, 0]","[0, 0, 0]","[array([-0.11237621]), array([-0.00456572]), array([0.00601483])]",equality_constrained_sqp,"[ -8.9964266  -25.566375    16.9654629    2.28101355 -26.7547204
  15.30261709  27.00220363 -10.35229975 -10.5358305   -0.52073249]",9.109024950931105e-05,1.660112047829898e-10,6.262531757354736,289.99707956355945,1.0,1,40,True,`gtol` termination condition is satisfied.
fourier_small,Configuration to test the Fourier Pulses with constraints but fast.,FourierFactory,pulse_opt.pulses.fourier_factory,"['shift', 'n', 'has_vanishing_endpoints']",Fourier series,FourierLoss,pulse_opt.integrals.losses,[0.0],"[2, 4]","[0.78539816339, 1.57079632679, 2.35619449019, 3.14159265359]","['equal', 'covariance', 'variance', 'deterministic', 'variance_plus_deterministic']",1.0,True,1.0,True,0.0,4,1.57079632679,variance_plus_deterministic,65,737,67,0,171,4,1.849887912148662,"[ 1.23469141e-01  1.10992704e-01  2.50213057e-02  2.36482694e-01
 -1.02446723e-01  1.40113274e-01 -8.10009175e-03 -6.29717554e-06
  1.44479773e-01  8.18872602e-02]","[-2.32961980e-05  2.40781882e-05 -2.63166434e-05 -2.84629717e-06
  4.70560271e-05  4.80622444e-05 -2.16065904e-06 -6.29717554e-06
 -1.13191919e-05  1.52235785e-05]","[array([1.98063788e-13]), array([-3.96482847e-12]), array([4.4408921e-12])]","[array([[ 1.00000001,  1.00000001,  0.        ,  1.99999998, -1.        ,
         1.        ,  0.        , -0.        ,  1.        ,  1.        ]]), array([[ 1.57079638, -0.        ,  3.14159266,  0.        ,  4.71238897,
         0.        ,  6.28318531, -0.        ,  7.85398161, -0.        ]]), array([[-0.        ,  1.57079632, -3.14159266,  0.        , -0.        ,
        -4.7123889 ,  6.28318531, -0.        , -0.        ,  7.85398158]])]","[737, 737, 737]","[0, 0, 0]","[0, 0, 0]","[array([-0.11824277]), array([-0.00334204]), array([0.00463087])]",equality_constrained_sqp,"[-24.03082921 -43.85196632  20.07327386   5.96537167 -49.60808967
  28.9658188   51.4642253   -5.14675593 -14.62967014  -6.99218615]",4.806224444824092e-05,4.440892098500626e-12,16.894441604614258,411.0743073414806,1.0,1,65,True,`gtol` termination condition is satisfied.
fourier_small,Configuration to test the Fourier Pulses with constraints but fast.,FourierFactory,pulse_opt.pulses.fourier_factory,"['shift', 'n', 'has_vanishing_endpoints']",Fourier series,FourierLoss,pulse_opt.integrals.losses,[0.0],"[2, 4]","[0.78539816339, 1.57079632679, 2.35619449019, 3.14159265359]","['equal', 'covariance', 'variance', 'deterministic', 'variance_plus_deterministic']",1.0,True,1.0,True,0.0,4,2.35619449019,equal,84,935,85,0,283,4,0.9225229090627711,"[ 1.31427661e-01  1.09734137e-01  4.34643183e-02  2.39917092e-01
 -8.54080469e-02  1.50640736e-01  5.23793720e-03 -1.86411217e-05
  1.77574978e-01  6.88258032e-02]","[-4.92175370e-05  1.32089599e-06 -2.38093207e-05  8.86173016e-06
 -2.22248851e-05  2.27232464e-05  3.20769741e-05 -1.86411217e-05
  7.04058766e-06 -2.18155389e-05]","[array([1.86659577e-11]), array([1.18973276e-10]), array([1.14192744e-09])]","[array([[ 0.99999999,  1.        ,  0.        ,  2.        , -1.        ,
         1.        ,  0.        ,  0.        ,  1.        ,  1.        ]]), array([[ 1.57079633, -0.        ,  3.14159267, -0.        ,  4.71238898,
        -0.        ,  6.28318527,  0.        ,  7.85398166, -0.        ]]), array([[ 0.        ,  1.57079633, -3.14159267, -0.        , -0.        ,
        -4.71238898,  6.28318527,  0.        ,  0.        ,  7.85398161]])]","[935, 935, 935]","[0, 0, 0]","[0, 0, 0]","[array([-0.11995412]), array([-0.00733562]), array([0.00650708])]",equality_constrained_sqp,"[ 234.16131308 -268.70602702  337.93417661   -0.40832063 -400.87324676
 -352.19281975   30.27266925  281.80045193   34.2998794   -46.61895121]",4.921753698250257e-05,1.1419274414947722e-09,36.944708824157715,1361.4406832325787,1.0,1,84,True,`gtol` termination condition is satisfied.
fourier_small,Configuration to test the Fourier Pulses with constraints but fast.,FourierFactory,pulse_opt.pulses.fourier_factory,"['shift', 'n', 'has_vanishing_endpoints']",Fourier series,FourierLoss,pulse_opt.integrals.losses,[0.0],"[2, 4]","[0.78539816339, 1.57079632679, 2.35619449019, 3.14159265359]","['equal', 'covariance', 'variance', 'deterministic', 'variance_plus_deterministic']",1.0,True,1.0,True,0.0,4,2.35619449019,covariance,81,891,81,0,244,4,-0.8874447082647219,"[ 1.30088862e-01  1.06689605e-01  4.69159642e-02  2.37175539e-01
 -8.39728913e-02  1.54500277e-01 -1.87583184e-03  1.70357091e-05
  1.76137428e-01  5.86736504e-02]","[-3.52399273e-06  8.47575859e-05 -5.91135154e-05  1.44929707e-05
  7.20422848e-05 -7.27276796e-06 -2.05820427e-05  1.70357091e-05
 -2.40953195e-06 -2.84949499e-05]","[array([-7.35127514e-11]), array([2.09922746e-10]), array([1.69222858e-10])]","[array([[ 1.        ,  1.        ,  0.        ,  2.        , -1.        ,
         1.        ,  0.        ,  0.        ,  0.99999999,  1.        ]]), array([[ 1.57079633, -0.        ,  3.14159266,  0.        ,  4.71238897,
        -0.        ,  6.2831853 ,  0.        ,  7.85398162, -0.        ]]), array([[ 0.        ,  1.5707963 , -3.14159266,  0.        , -0.        ,
        -4.71238896,  6.2831853 ,  0.        ,  0.        ,  7.85398157]])]","[891, 891, 891]","[0, 0, 0]","[0, 0, 0]","[array([-0.11858052]), array([-0.00732868]), array([0.00762395])]",equality_constrained_sqp,"[ 2.06718102e+02 -2.41427833e+02  3.00595358e+02  2.67105629e-01
 -3.58190689e+02 -3.10965640e+02  2.95790655e+01  2.49765779e+02
  2.96693977e+01 -4.17189269e+01]",8.475758591617102e-05,2.09922745852964e-10,17.400429725646973,1926.3190856435174,1.0,1,81,True,`gtol` termination condition is satisfied.
fourier_small,Configuration to test the Fourier Pulses with constraints but fast.,FourierFactory,pulse_opt.pulses.fourier_factory,"['shift', 'n', 'has_vanishing_endpoints']",Fourier series,FourierLoss,pulse_opt.integrals.losses,[0.0],"[2, 4]","[0.78539816339, 1.57079632679, 2.35619449019, 3.14159265359]","['equal', 'covariance', 'variance', 'deterministic', 'variance_plus_deterministic']",1.0,True,1.0,True,0.0,4,2.35619449019,variance,49,539,49,0,125,4,1.0401626142432687,"[ 1.07063013e-01  1.02557050e-01  9.02048222e-03  2.14514648e-01
 -1.07932714e-01  1.21455193e-01 -2.00259771e-02 -7.33489619e-05
  1.05990429e-01  8.33901158e-02]","[ 6.45126218e-05  7.38260394e-05 -1.00713159e-05  2.83301069e-05
  4.44188632e-05 -6.77699985e-05 -7.60689813e-06 -7.33489619e-05
 -2.94397973e-05 -5.33702155e-05]","[array([-7.5850437e-13]), array([-1.33439926e-11]), array([-2.3426594e-11])]","[array([[ 0.99999999,  1.        ,  0.        ,  2.        , -1.        ,
         1.        ,  0.        , -0.        ,  1.        ,  1.        ]]), array([[ 1.57079632, -0.        ,  3.14159274,  0.        ,  4.712389  ,
         0.        ,  6.28318538, -0.        ,  7.85398163, -0.        ]]), array([[-0.        ,  1.57079636, -3.14159274,  0.        , -0.        ,
        -4.71238902,  6.28318538, -0.        , -0.        ,  7.85398164]])]","[539, 539, 539]","[0, 0, 0]","[0, 0, 0]","[array([-0.10724316]), array([0.00015575]), array([0.00303027])]",equality_constrained_sqp,"[-24.08909017 -32.18482228   7.79047225   5.71901942 -35.08231663
  28.29232787  41.76146256  -3.08022635 -10.65815093  -6.88061997]",7.382603938754437e-05,2.3426593998010503e-11,7.054317474365234,184.88908646449792,1.0,1,49,True,`gtol` termination condition is satisfied.
fourier_small,Configuration to test the Fourier Pulses with constraints but fast.,FourierFactory,pulse_opt.pulses.fourier_factory,"['shift', 'n', 'has_vanishing_endpoints']",Fourier series,FourierLoss,pulse_opt.integrals.losses,[0.0],"[2, 4]","[0.78539816339, 1.57079632679, 2.35619449019, 3.14159265359]","['equal', 'covariance', 'variance', 'deterministic', 'variance_plus_deterministic']",1.0,True,1.0,True,0.0,4,2.35619449019,deterministic,101,1265,115,0,372,4,0.5994389145134513,"[-5.67550120e-02 -6.00509533e-02  6.59754971e-03 -1.17753288e-01
  6.50910512e-02 -5.51730338e-02  3.01222609e-03  2.81317611e-05
 -4.86681167e-02 -6.52444568e-02]","[ 8.43579183e-05  9.82259243e-05 -2.20730118e-05  8.49001548e-06
  8.55951309e-05 -9.70129577e-05 -8.07036449e-05  2.81317611e-05
  5.16345723e-06 -2.21192453e-05]","[array([-8.2067686e-13]), array([-1.27897692e-13]), array([-7.16227078e-12])]","[array([[ 1.00000003,  0.99999999,  0.        ,  1.99999996, -1.        ,
         0.99999998, -0.        , -0.        ,  0.99999999,  1.        ]]), array([[ 1.5707964 , -0.        ,  3.14159269, -0.        ,  4.71238899,
         0.        ,  6.28318527, -0.        ,  7.85398161,  0.        ]]), array([[ 0.        ,  1.5707963 , -3.14159262, -0.        , -0.        ,
        -4.71238875,  6.28318527, -0.        , -0.        ,  7.85398162]])]","[1265, 1265, 1265]","[0, 0, 0]","[0, 0, 0]","[array([0.05888089]), array([-0.00129967]), array([0.00080742])]",equality_constrained_sqp,"[  6.88115721 -13.43629254  29.18215772  -3.05689222  -0.22117335
   3.92745408  -3.57505552 -38.94849754 -10.05634611  19.57663846]",9.82259242779432e-05,7.16227077646181e-12,43.58304023742676,20.033615239828748,1.0,1,101,True,`gtol` termination condition is satisfied.
fourier_small,Configuration to test the Fourier Pulses with constraints but fast.,FourierFactory,pulse_opt.pulses.fourier_factory,"['shift', 'n', 'has_vanishing_endpoints']",Fourier series,FourierLoss,pulse_opt.integrals.losses,[0.0],"[2, 4]","[0.78539816339, 1.57079632679, 2.35619449019, 3.14159265359]","['equal', 'covariance', 'variance', 'deterministic', 'variance_plus_deterministic']",1.0,True,1.0,True,0.0,4,2.35619449019,variance_plus_deterministic,74,847,77,0,279,4,1.859099675430059,"[-1.63667323e-03 -1.29118652e-02  2.26161236e-02 -1.61791966e-02
  2.75469145e-02  6.49628995e-03  6.48362644e-03 -2.66436003e-05
  2.42460086e-02 -3.23203797e-02]","[-1.70907181e-05  2.63506759e-05 -2.11435364e-05  6.89763367e-08
  4.71309858e-05  4.01733941e-05 -2.24139256e-06 -2.66436003e-05
 -1.46099191e-05  1.21696001e-05]","[array([1.51384683e-10]), array([2.05957917e-10]), array([1.3374688e-09])]","[array([[ 0.99999999,  0.99999999,  0.        ,  2.        , -1.        ,
         1.00000001,  0.        , -0.        ,  1.        ,  1.        ]]), array([[ 1.57079632, -0.        ,  3.14159267,  0.        ,  4.71238898,
         0.        ,  6.28318535, -0.        ,  7.85398168, -0.        ]]), array([[-0.        ,  1.57079631, -3.14159267,  0.        , -0.        ,
        -4.71238885,  6.28318535, -0.        , -0.        ,  7.85398167]])]","[847, 847, 847]","[0, 0, 0]","[0, 0, 0]","[array([0.00808963]), array([-0.00411896]), array([0.0030867])]",equality_constrained_sqp,"[-59.07334098 -45.44830253  35.13433251  36.63020666 -41.29151592
  11.9308566   46.12430909  -3.5105837  -14.36360252  -6.5975398 ]",4.713098577724048e-05,1.3374688023759518e-09,22.679208517074585,158.2468560233368,1.0,1,74,True,`gtol` termination condition is satisfied.
fourier_small,Configuration to test the Fourier Pulses with constraints but fast.,FourierFactory,pulse_opt.pulses.fourier_factory,"['shift', 'n', 'has_vanishing_endpoints']",Fourier series,FourierLoss,pulse_opt.integrals.losses,[0.0],"[2, 4]","[0.78539816339, 1.57079632679, 2.35619449019, 3.14159265359]","['equal', 'covariance', 'variance', 'deterministic', 'variance_plus_deterministic']",1.0,True,1.0,True,0.0,4,3.14159265359,equal,65,726,66,0,194,4,0.9573630394456814,"[ 8.15759009e-02  5.15932809e-02  6.01300465e-02  1.27116757e-01
 -9.29864516e-03  9.96761436e-02  2.40981960e-02 -2.97846985e-05
  1.53846363e-01  3.31973471e-03]","[-3.28022639e-05  8.38437858e-05 -6.84850553e-05  2.21757074e-05
  6.44487717e-05  1.52514373e-05  4.04305680e-06 -2.97846985e-05
 -7.94923383e-06 -3.82463615e-05]","[array([-2.13162821e-14]), array([-5.68434189e-14]), array([-1.13686838e-13])]","[array([[ 1.        ,  1.        ,  0.        ,  1.99999968, -1.        ,
         1.        ,  0.        ,  0.        ,  1.        ,  1.        ]]), array([[ 1.57079634, -0.        ,  3.14159264, -0.        ,  4.712389  ,
        -0.        ,  6.28318529,  0.        ,  7.85398166, -0.        ]]), array([[ 0.        ,  1.57079631, -3.1415926 , -0.        , -0.        ,
        -4.71238895,  6.28318536,  0.        ,  0.        ,  7.85398171]])]","[726, 726, 726]","[0, 0, 0]","[0, 0, 0]","[array([-0.0635473]), array([-0.01149825]), array([0.00766354])]",equality_constrained_sqp,"[ 164.5058078  -191.52211034  239.86454124   -3.76419602 -289.4511024
 -242.78499903   27.82770707  197.94180556   22.56151773  -33.68292651]",8.38437858415534e-05,1.1368683772161603e-13,30.901415586471558,2521.012518929111,1.0,1,65,True,`gtol` termination condition is satisfied.
fourier_small,Configuration to test the Fourier Pulses with constraints but fast.,FourierFactory,pulse_opt.pulses.fourier_factory,"['shift', 'n', 'has_vanishing_endpoints']",Fourier series,FourierLoss,pulse_opt.integrals.losses,[0.0],"[2, 4]","[0.78539816339, 1.57079632679, 2.35619449019, 3.14159265359]","['equal', 'covariance', 'variance', 'deterministic', 'variance_plus_deterministic']",1.0,True,1.0,True,0.0,4,3.14159265359,covariance,68,748,68,0,189,4,-0.8865607014603465,"[ 3.15552924e-02  1.53111481e-02  3.25173970e-02  4.54476121e-02
  3.77571294e-03  4.49062492e-02  5.76195274e-03  3.57294430e-05
  6.69692698e-02 -1.42909557e-02]","[-1.41258830e-05 -1.03454988e-05  2.15482846e-05 -1.27806159e-06
 -3.47580543e-05 -2.70525426e-05 -6.12775609e-06  3.57294430e-05
  1.99629003e-05 -6.40906943e-07]","[array([-1.79696258e-11]), array([8.52651283e-13]), array([-2.16004992e-12])]","[array([[ 1.00000001,  0.99999999,  0.        ,  1.99999995, -1.        ,
         1.        ,  0.        ,  0.        ,  1.        ,  1.        ]]), array([[ 1.57079635, -0.        ,  3.14159265, -0.        ,  4.71238895,
        -0.        ,  6.28318533,  0.        ,  7.85398159, -0.        ]]), array([[ 0.        ,  1.57079629, -3.14159265, -0.        , -0.        ,
        -4.71238895,  6.28318539,  0.        ,  0.        ,  7.85398165]])]","[748, 748, 748]","[0, 0, 0]","[0, 0, 0]","[array([-0.02272445]), array([-0.00563088]), array([0.00471287])]",equality_constrained_sqp,"[ 215.08824796 -244.33990317  308.42399008   -4.56716929 -370.05846728
 -318.33575173   30.76292633  258.16215737   31.03749368  -43.37421544]",3.572944299539239e-05,1.7969625787372934e-11,14.875887870788574,2680.488445020971,1.0,1,68,True,`gtol` termination condition is satisfied.
fourier_small,Configuration to test the Fourier Pulses with constraints but fast.,FourierFactory,pulse_opt.pulses.fourier_factory,"['shift', 'n', 'has_vanishing_endpoints']",Fourier series,FourierLoss,pulse_opt.integrals.losses,[0.0],"[2, 4]","[0.78539816339, 1.57079632679, 2.35619449019, 3.14159265359]","['equal', 'covariance', 'variance', 'deterministic', 'variance_plus_deterministic']",1.0,True,1.0,True,0.0,4,3.14159265359,variance,46,528,48,0,136,4,1.0691583262524753,"[ 9.55406191e-02  8.89064572e-02  1.32994845e-02  1.87974184e-01
 -8.92317259e-02  1.09239875e-01 -1.38948444e-02  1.22228315e-05
  1.01789981e-01  6.87769901e-02]","[-1.96519967e-05 -2.77312819e-05  4.73215869e-05 -1.13612653e-06
  3.81000065e-05  9.18051388e-05  2.85933356e-05  1.22228315e-05
 -6.07329067e-05  5.66833064e-05]","[array([-1.42128087e-10]), array([1.00187947e-09]), array([4.04783123e-08])]","[array([[ 1.00000001,  1.        ,  0.        ,  2.00000003, -1.        ,
         1.        ,  0.        , -0.        ,  1.        ,  1.        ]]), array([[ 1.57079634, -0.        ,  3.14159251,  0.        ,  4.71238897,
         0.        ,  6.2831853 , -0.        ,  7.85398165, -0.        ]]), array([[-0.        ,  1.57079629, -3.14159275,  0.        , -0.        ,
        -4.71238898,  6.2831853 , -0.        , -0.        ,  7.85398163]])]","[528, 528, 528]","[0, 0, 0]","[0, 0, 0]","[array([-0.09398766]), array([-0.00100116]), array([0.00321714])]",equality_constrained_sqp,"[-33.1028266  -41.03204257   8.02304349   7.5288688  -46.0629845
  37.42000937  55.20164528  -1.50927693 -13.1121776  -10.29368469]",9.180513876830623e-05,4.047831225761911e-08,7.465226888656616,270.20867298296525,1.0,1,46,True,`gtol` termination condition is satisfied.
fourier_small,Configuration to test the Fourier Pulses with constraints but fast.,FourierFactory,pulse_opt.pulses.fourier_factory,"['shift', 'n', 'has_vanishing_endpoints']",Fourier series,FourierLoss,pulse_opt.integrals.losses,[0.0],"[2, 4]","[0.78539816339, 1.57079632679, 2.35619449019, 3.14159265359]","['equal', 'covariance', 'variance', 'deterministic', 'variance_plus_deterministic']",1.0,True,1.0,True,0.0,4,3.14159265359,deterministic,66,737,67,0,194,4,0.060166241280015326,"[-1.68473494e-01 -1.55160804e-01 -2.67197304e-02 -3.22357053e-01
  1.39037261e-01 -1.79228588e-01 -5.60069588e-03  1.48506895e-05
 -1.98129514e-01 -1.31290539e-01]","[ 9.50388587e-05  3.65548897e-05  2.26168098e-05  1.12620882e-05
  6.22907944e-06 -8.40345316e-05 -1.03891264e-05  1.48506895e-05
 -2.34806423e-05 -4.03736715e-05]","[array([8.34887715e-14]), array([3.12638804e-13]), array([4.26325641e-14])]","[array([[ 1.,  1., -0.,  2., -1.,  1.,  0., -0.,  1.,  1.]]), array([[ 1.57079634,  0.        ,  3.14159266,  0.        ,  4.71238899,
         0.        ,  6.28318534, -0.        ,  7.85398167,  0.        ]]), array([[-0.        ,  1.57079626, -3.14159262,  0.        ,  0.        ,
        -4.712389  ,  6.28318534, -0.        , -0.        ,  7.85398168]])]","[737, 737, 737]","[0, 0, 0]","[0, 0, 0]","[array([0.16118416]), array([0.00470104]), array([-0.00381131])]",equality_constrained_sqp,"[-142.0529344    87.81709456 -168.98440883   17.28646469  166.78657115
  198.60881303   25.68740282 -134.9065667   -24.61751454   13.45818311]",9.503885874234154e-05,3.126388037344441e-13,9.033571243286133,1788.8090964780708,1.0,1,66,True,`gtol` termination condition is satisfied.
fourier_small,Configuration to test the Fourier Pulses with constraints but fast.,FourierFactory,pulse_opt.pulses.fourier_factory,"['shift', 'n', 'has_vanishing_endpoints']",Fourier series,FourierLoss,pulse_opt.integrals.losses,[0.0],"[2, 4]","[0.78539816339, 1.57079632679, 2.35619449019, 3.14159265359]","['equal', 'covariance', 'variance', 'deterministic', 'variance_plus_deterministic']",1.0,True,1.0,True,0.0,4,3.14159265359,variance_plus_deterministic,28,319,29,0,71,4,1.8620571991329888,"[-1.92888222e-01 -1.91248419e-01 -3.31108976e-03 -3.97844920e-01
  2.16951250e-01 -2.22007790e-01  5.47282731e-02 -4.92529178e-05
 -1.69063504e-01 -1.60487162e-01]","[ 5.78543247e-05  1.48380665e-06  8.12588543e-05  2.92037123e-05
  4.12305638e-05 -9.24897915e-06  1.56941629e-05 -4.92529178e-05
 -8.13680746e-05  1.41020621e-05]","[array([-3.83559851e-12]), array([-6.33448849e-12]), array([-5.30420152e-12])]","[array([[ 1.        ,  1.        , -0.        ,  2.        , -1.00000001,
         1.        ,  0.        , -0.        ,  1.        ,  1.        ]]), array([[ 1.57079633, -0.        ,  3.14159261,  0.        ,  4.71238894,
         0.        ,  6.28318531, -0.        ,  7.85398164, -0.        ]]), array([[-0.        ,  1.57079634, -3.14159261,  0.        , -0.        ,
        -4.71238899,  6.28318531, -0.        , -0.        ,  7.85398162]])]","[319, 319, 319]","[0, 0, 0]","[0, 0, 0]","[array([0.19893706]), array([-0.00381398]), array([-0.0048938])]",equality_constrained_sqp,"[-10.99392322  -7.93227291  -2.75468242   8.60668055  -1.16471736
   7.96229727   9.79726726  -3.12678938  -3.83832577  -2.57585383]",8.136807455117606e-05,6.334488489301293e-12,9.535268545150757,76.73332884312636,1.0,1,28,True,`gtol` termination condition is satisfied.
